[2026-05-25 01:33:06] production.ERROR: No application encryption key has been specified. {"exception":"[object] (Illuminate\\Encryption\\MissingAppKeyException(code: 0): No application encryption key has been specified. at D:/laragon/www/DuAn_TN/vendor/laravel/framework/src/Illuminate/Encryption/EncryptionServiceProvider.php:79)
[stacktrace]
#0 D:/laragon/www/DuAn_TN/vendor/laravel/framework/src/Illuminate/Support/helpers.php(320): Illuminate/Encryption/EncryptionServiceProvider->Illuminate/Encryption/{closure}(NULL)
#1 D:/laragon/www/DuAn_TN/vendor/laravel/framework/src/Illuminate/Encryption/EncryptionServiceProvider.php(81): tap(NULL, Object(Closure))
#2 D:/laragon/www/DuAn_TN/vendor/laravel/framework/src/Illuminate/Encryption/EncryptionServiceProvider.php(60): Illuminate/Encryption/EncryptionServiceProvider->key(Array)
#3 D:/laragon/www/DuAn_TN/vendor/laravel/framework/src/Illuminate/Encryption/EncryptionServiceProvider.php(32): Illuminate/Encryption/EncryptionServiceProvider->parseKey(Array)
#4 D:/laragon/www/DuAn_TN/vendor/laravel/framework/src/Illuminate/Container/Container.php(908): Illuminate/Encryption/EncryptionServiceProvider->Illuminate/Encryption/{closure}(Object(Illuminate/Foundation/Application), Array)
#5 D:/laragon/www/DuAn_TN/vendor/laravel/framework/src/Illuminate/Container/Container.php(795): Illuminate/Container/Container->build(Object(Closure))
#6 D:/laragon/www/DuAn_TN/vendor/laravel/framework/src/Illuminate/Foundation/Application.php(986): Illuminate/Container/Container->resolve('encrypter', Array, true)
#7 D:/laragon/www/DuAn_TN/vendor/laravel/framework/src/Illuminate/Container/Container.php(731): Illuminate/Foundation/Application->resolve('encrypter', Array)
#8 D:/laragon/www/DuAn_TN/vendor/laravel/framework/src/Illuminate/Foundation/Application.php(971): Illuminate/Container/Container->make('encrypter', Array)
#9 D:/laragon/www/DuAn_TN/vendor/laravel/framework/src/Illuminate/Container/Container.php(1066): Illuminate/Foundation/Application->make('encrypter')
#10 D:/laragon/www/DuAn_TN/vendor/laravel/framework/src/Illuminate/Container/Container.php(982): Illuminate/Container/Container->resolveClass(Object(ReflectionParameter))
#11 D:/laragon/www/DuAn_TN/vendor/laravel/framework/src/Illuminate/Container/Container.php(943): Illuminate/Container/Container->resolveDependencies(Array)
#12 D:/laragon/www/DuAn_TN/vendor/laravel/framework/src/Illuminate/Container/Container.php(795): Illuminate/Container/Container->build('App//Http//Middle...')
#13 D:/laragon/www/DuAn_TN/vendor/laravel/framework/src/Illuminate/Foundation/Application.php(986): Illuminate/Container/Container->resolve('App//Http//Middle...', Array, true)
#14 D:/laragon/www/DuAn_TN/vendor/laravel/framework/src/Illuminate/Container/Container.php(731): Illuminate/Foundation/Application->resolve('App//Http//Middle...', Array)
#15 D:/laragon/www/DuAn_TN/vendor/laravel/framework/src/Illuminate/Foundation/Application.php(971): Illuminate/Container/Container->make('App//Http//Middle...', Array)
#16 D:/laragon/www/DuAn_TN/vendor/laravel/framework/src/Illuminate/Pipeline/Pipeline.php(172): Illuminate/Foundation/Application->make('App//Http//Middle...')
#17 D:/laragon/www/DuAn_TN/vendor/laravel/framework/src/Illuminate/Pipeline/Pipeline.php(119): Illuminate/Pipeline/Pipeline->Illuminate/Pipeline/{closure}(Object(Illuminate/Http/Request))
#18 D:/laragon/www/DuAn_TN/vendor/laravel/framework/src/Illuminate/Routing/Router.php(807): Illuminate/Pipeline/Pipeline->then(Object(Closure))
#19 D:/laragon/www/DuAn_TN/vendor/laravel/framework/src/Illuminate/Routing/Router.php(784): Illuminate/Routing/Router->runRouteWithinStack(Object(Illuminate/Routing/Route), Object(Illuminate/Http/Request))
#20 D:/laragon/www/DuAn_TN/vendor/laravel/framework/src/Illuminate/Routing/Router.php(748): Illuminate/Routing/Router->runRoute(Object(Illuminate/Http/Request), Object(Illuminate/Routing/Route))
#21 D:/laragon/www/DuAn_TN/vendor/laravel/framework/src/Illuminate/Routing/Router.php(737): Illuminate/Routing/Router->dispatchToRoute(Object(Illuminate/Http/Request))
#22 D:/laragon/www/DuAn_TN/vendor/laravel/framework/src/Illuminate/Foundation/Http/Kernel.php(200): Illuminate/Routing/Router->dispatch(Object(Illuminate/Http/Request))
#23 D:/laragon/www/DuAn_TN/vendor/laravel/framework/src/Illuminate/Pipeline/Pipeline.php(144): Illuminate/Foundation/Http/Kernel->Illuminate/Foundation/Http/{closure}(Object(Illuminate/Http/Request))
#24 D:/laragon/www/DuAn_TN/vendor/laravel/framework/src/Illuminate/Foundation/Http/Middleware/TransformsRequest.php(21): Illuminate/Pipeline/Pipeline->Illuminate/Pipeline/{closure}(Object(Illuminate/Http/Request))
#25 D:/laragon/www/DuAn_TN/vendor/laravel/framework/src/Illuminate/Foundation/Http/Middleware/ConvertEmptyStringsToNull.php(31): Illuminate/Foundation/Http/Middleware/TransformsRequest->handle(Object(Illuminate/Http/Request), Object(Closure))
#26 D:/laragon/www/DuAn_TN/vendor/laravel/framework/src/Illuminate/Pipeline/Pipeline.php(183): Illuminate/Foundation/Http/Middleware/ConvertEmptyStringsToNull->handle(Object(Illuminate/Http/Request), Object(Closure))
#27 D:/laragon/www/DuAn_TN/vendor/laravel/framework/src/Illuminate/Foundation/Http/Middleware/TransformsRequest.php(21): Illuminate/Pipeline/Pipeline->Illuminate/Pipeline/{closure}(Object(Illuminate/Http/Request))
#28 D:/laragon/www/DuAn_TN/vendor/laravel/framework/src/Illuminate/Foundation/Http/Middleware/TrimStrings.php(40): Illuminate/Foundation/Http/Middleware/TransformsRequest->handle(Object(Illuminate/Http/Request), Object(Closure))
#29 D:/laragon/www/DuAn_TN/vendor/laravel/framework/src/Illuminate/Pipeline/Pipeline.php(183): Illuminate/Foundation/Http/Middleware/TrimStrings->handle(Object(Illuminate/Http/Request), Object(Closure))
#30 D:/laragon/www/DuAn_TN/vendor/laravel/framework/src/Illuminate/Foundation/Http/Middleware/ValidatePostSize.php(27): Illuminate/Pipeline/Pipeline->Illuminate/Pipeline/{closure}(Object(Illuminate/Http/Request))
#31 D:/laragon/www/DuAn_TN/vendor/laravel/framework/src/Illuminate/Pipeline/Pipeline.php(183): Illuminate/Foundation/Http/Middleware/ValidatePostSize->handle(Object(Illuminate/Http/Request), Object(Closure))
#32 D:/laragon/www/DuAn_TN/vendor/laravel/framework/src/Illuminate/Foundation/Http/Middleware/PreventRequestsDuringMaintenance.php(99): Illuminate/Pipeline/Pipeline->Illuminate/Pipeline/{closure}(Object(Illuminate/Http/Request))
#33 D:/laragon/www/DuAn_TN/vendor/laravel/framework/src/Illuminate/Pipeline/Pipeline.php(183): Illuminate/Foundation/Http/Middleware/PreventRequestsDuringMaintenance->handle(Object(Illuminate/Http/Request), Object(Closure))
#34 D:/laragon/www/DuAn_TN/vendor/laravel/framework/src/Illuminate/Http/Middleware/HandleCors.php(49): Illuminate/Pipeline/Pipeline->Illuminate/Pipeline/{closure}(Object(Illuminate/Http/Request))
#35 D:/laragon/www/DuAn_TN/vendor/laravel/framework/src/Illuminate/Pipeline/Pipeline.php(183): Illuminate/Http/Middleware/HandleCors->handle(Object(Illuminate/Http/Request), Object(Closure))
#36 D:/laragon/www/DuAn_TN/vendor/laravel/framework/src/Illuminate/Http/Middleware/TrustProxies.php(39): Illuminate/Pipeline/Pipeline->Illuminate/Pipeline/{closure}(Object(Illuminate/Http/Request))
#37 D:/laragon/www/DuAn_TN/vendor/laravel/framework/src/Illuminate/Pipeline/Pipeline.php(183): Illuminate/Http/Middleware/TrustProxies->handle(Object(Illuminate/Http/Request), Object(Closure))
#38 D:/laragon/www/DuAn_TN/vendor/laravel/framework/src/Illuminate/Pipeline/Pipeline.php(119): Illuminate/Pipeline/Pipeline->Illuminate/Pipeline/{closure}(Object(Illuminate/Http/Request))
#39 D:/laragon/www/DuAn_TN/vendor/laravel/framework/src/Illuminate/Foundation/Http/Kernel.php(175): Illuminate/Pipeline/Pipeline->then(Object(Closure))
#40 D:/laragon/www/DuAn_TN/vendor/laravel/framework/src/Illuminate/Foundation/Http/Kernel.php(144): Illuminate/Foundation/Http/Kernel->sendRequestThroughRouter(Object(Illuminate/Http/Request))
#41 D:/laragon/www/DuAn_TN/public/index.php(52): Illuminate/Foundation/Http/Kernel->handle(Object(Illuminate/Http/Request))
#42 D:/laragon/www/DuAn_TN/vendor/laravel/framework/src/Illuminate/Foundation/resources/server.php(16): require_once('D://laragon//www//...')
#43 {main}
"} 
[2026-05-25 01:33:10] production.ERROR: No application encryption key has been specified. {"exception":"[object] (Illuminate\\Encryption\\MissingAppKeyException(code: 0): No application encryption key has been specified. at D:/laragon/www/DuAn_TN/vendor/laravel/framework/src/Illuminate/Encryption/EncryptionServiceProvider.php:79)
[stacktrace]
#0 D:/laragon/www/DuAn_TN/vendor/laravel/framework/src/Illuminate/Support/helpers.php(320): Illuminate/Encryption/EncryptionServiceProvider->Illuminate/Encryption/{closure}(NULL)
#1 D:/laragon/www/DuAn_TN/vendor/laravel/framework/src/Illuminate/Encryption/EncryptionServiceProvider.php(81): tap(NULL, Object(Closure))
#2 D:/laragon/www/DuAn_TN/vendor/laravel/framework/src/Illuminate/Encryption/EncryptionServiceProvider.php(60): Illuminate/Encryption/EncryptionServiceProvider->key(Array)
#3 D:/laragon/www/DuAn_TN/vendor/laravel/framework/src/Illuminate/Encryption/EncryptionServiceProvider.php(32): Illuminate/Encryption/EncryptionServiceProvider->parseKey(Array)
#4 D:/laragon/www/DuAn_TN/vendor/laravel/framework/src/Illuminate/Container/Container.php(908): Illuminate/Encryption/EncryptionServiceProvider->Illuminate/Encryption/{closure}(Object(Illuminate/Foundation/Application), Array)
#5 D:/laragon/www/DuAn_TN/vendor/laravel/framework/src/Illuminate/Container/Container.php(795): Illuminate/Container/Container->build(Object(Closure))
#6 D:/laragon/www/DuAn_TN/vendor/laravel/framework/src/Illuminate/Foundation/Application.php(986): Illuminate/Container/Container->resolve('encrypter', Array, true)
#7 D:/laragon/www/DuAn_TN/vendor/laravel/framework/src/Illuminate/Container/Container.php(731): Illuminate/Foundation/Application->resolve('encrypter', Array)
#8 D:/laragon/www/DuAn_TN/vendor/laravel/framework/src/Illuminate/Foundation/Application.php(971): Illuminate/Container/Container->make('encrypter', Array)
#9 D:/laragon/www/DuAn_TN/vendor/laravel/framework/src/Illuminate/Container/Container.php(1066): Illuminate/Foundation/Application->make('encrypter')
#10 D:/laragon/www/DuAn_TN/vendor/laravel/framework/src/Illuminate/Container/Container.php(982): Illuminate/Container/Container->resolveClass(Object(ReflectionParameter))
#11 D:/laragon/www/DuAn_TN/vendor/laravel/framework/src/Illuminate/Container/Container.php(943): Illuminate/Container/Container->resolveDependencies(Array)
#12 D:/laragon/www/DuAn_TN/vendor/laravel/framework/src/Illuminate/Container/Container.php(795): Illuminate/Container/Container->build('App//Http//Middle...')
#13 D:/laragon/www/DuAn_TN/vendor/laravel/framework/src/Illuminate/Foundation/Application.php(986): Illuminate/Container/Container->resolve('App//Http//Middle...', Array, true)
#14 D:/laragon/www/DuAn_TN/vendor/laravel/framework/src/Illuminate/Container/Container.php(731): Illuminate/Foundation/Application->resolve('App//Http//Middle...', Array)
#15 D:/laragon/www/DuAn_TN/vendor/laravel/framework/src/Illuminate/Foundation/Application.php(971): Illuminate/Container/Container->make('App//Http//Middle...', Array)
#16 D:/laragon/www/DuAn_TN/vendor/laravel/framework/src/Illuminate/Foundation/Http/Kernel.php(255): Illuminate/Foundation/Application->make('App//Http//Middle...')
#17 D:/laragon/www/DuAn_TN/vendor/laravel/framework/src/Illuminate/Foundation/Http/Kernel.php(213): Illuminate/Foundation/Http/Kernel->terminateMiddleware(Object(Illuminate/Http/Request), Object(Illuminate/Http/Response))
#18 D:/laragon/www/DuAn_TN/public/index.php(55): Illuminate/Foundation/Http/Kernel->terminate(Object(Illuminate/Http/Request), Object(Illuminate/Http/Response))
#19 D:/laragon/www/DuAn_TN/vendor/laravel/framework/src/Illuminate/Foundation/resources/server.php(16): require_once('D://laragon//www//...')
#20 {main}
"} 
[2026-05-25 01:37:50] local.ERROR: SQLSTATE[42S01]: Base table or view already exists: 1050 Table 'users' already exists (Connection: mysql, SQL: create table `users` (`id` bigint unsigned not null auto_increment primary key, `username` varchar(50) not null, `password_hash` varchar(255) not null, `email` varchar(120) not null, `display_name` varchar(120) null, `avatar_url` text null, `role` enum('user', 'moderator', 'admin') not null default 'user', `status` enum('active', 'locked', 'deleted') not null default 'active', `provider` varchar(255) null, `provider_id` varchar(255) null, `email_verified_at` timestamp null, `remember_token` varchar(100) null, `last_login` datetime null, `created_at` timestamp null, `updated_at` timestamp null) default character set utf8mb4 collate 'utf8mb4_unicode_ci') {"exception":"[object] (Illuminate\\Database\\QueryException(code: 42S01): SQLSTATE[42S01]: Base table or view already exists: 1050 Table 'users' already exists (Connection: mysql, SQL: create table `users` (`id` bigint unsigned not null auto_increment primary key, `username` varchar(50) not null, `password_hash` varchar(255) not null, `email` varchar(120) not null, `display_name` varchar(120) null, `avatar_url` text null, `role` enum('user', 'moderator', 'admin') not null default 'user', `status` enum('active', 'locked', 'deleted') not null default 'active', `provider` varchar(255) null, `provider_id` varchar(255) null, `email_verified_at` timestamp null, `remember_token` varchar(100) null, `last_login` datetime null, `created_at` timestamp null, `updated_at` timestamp null) default character set utf8mb4 collate 'utf8mb4_unicode_ci') at D:/laragon/www/DuAn_TN/vendor/laravel/framework/src/Illuminate/Database/Connection.php:829)
[stacktrace]
#0 D:/laragon/www/DuAn_TN/vendor/laravel/framework/src/Illuminate/Database/Connection.php(783): Illuminate/Database/Connection->runQueryCallback('create table `u...', Array, Object(Closure))
#1 D:/laragon/www/DuAn_TN/vendor/laravel/framework/src/Illuminate/Database/Connection.php(588): Illuminate/Database/Connection->run('create table `u...', Array, Object(Closure))
#2 D:/laragon/www/DuAn_TN/vendor/laravel/framework/src/Illuminate/Database/Schema/Blueprint.php(110): Illuminate/Database/Connection->statement('create table `u...')
#3 D:/laragon/www/DuAn_TN/vendor/laravel/framework/src/Illuminate/Database/Schema/Builder.php(602): Illuminate/Database/Schema/Blueprint->build(Object(Illuminate/Database/MySqlConnection), Object(Illuminate/Database/Schema/Grammars/MySqlGrammar))
#4 D:/laragon/www/DuAn_TN/vendor/laravel/framework/src/Illuminate/Database/Schema/Builder.php(460): Illuminate/Database/Schema/Builder->build(Object(Illuminate/Database/Schema/Blueprint))
#5 D:/laragon/www/DuAn_TN/vendor/laravel/framework/src/Illuminate/Support/Facades/Facade.php(355): Illuminate/Database/Schema/Builder->create('users', Object(Closure))
#6 D:/laragon/www/DuAn_TN/database/migrations/2026_05_22_000001_create_users_table.php(23): Illuminate/Support/Facades/Facade::__callStatic('create', Array)
#7 D:/laragon/www/DuAn_TN/vendor/laravel/framework/src/Illuminate/Database/Migrations/Migrator.php(501): Illuminate/Database/Migrations/Migration@anonymous->up()
#8 D:/laragon/www/DuAn_TN/vendor/laravel/framework/src/Illuminate/Database/Migrations/Migrator.php(418): Illuminate/Database/Migrations/Migrator->runMethod(Object(Illuminate/Database/MySqlConnection), Object(Illuminate/Database/Migrations/Migration@anonymous), 'up')
#9 D:/laragon/www/DuAn_TN/vendor/laravel/framework/src/Illuminate/Database/Migrations/Migrator.php(427): Illuminate/Database/Migrations/Migrator->Illuminate/Database/Migrations/{closure}()
#10 D:/laragon/www/DuAn_TN/vendor/laravel/framework/src/Illuminate/Database/Migrations/Migrator.php(224): Illuminate/Database/Migrations/Migrator->runMigration(Object(Illuminate/Database/Migrations/Migration@anonymous), 'up')
#11 D:/laragon/www/DuAn_TN/vendor/laravel/framework/src/Illuminate/Console/View/Components/Task.php(37): Illuminate/Database/Migrations/Migrator->Illuminate/Database/Migrations/{closure}()
#12 D:/laragon/www/DuAn_TN/vendor/laravel/framework/src/Illuminate/Database/Migrations/Migrator.php(783): Illuminate/Console/View/Components/Task->render('2026_05_22_0000...', Object(Closure))
#13 D:/laragon/www/DuAn_TN/vendor/laravel/framework/src/Illuminate/Database/Migrations/Migrator.php(224): Illuminate/Database/Migrations/Migrator->write('Illuminate//Cons...', '2026_05_22_0000...', Object(Closure))
#14 D:/laragon/www/DuAn_TN/vendor/laravel/framework/src/Illuminate/Database/Migrations/Migrator.php(189): Illuminate/Database/Migrations/Migrator->runUp('D://laragon//www//...', 1, false)
#15 D:/laragon/www/DuAn_TN/vendor/laravel/framework/src/Illuminate/Database/Migrations/Migrator.php(132): Illuminate/Database/Migrations/Migrator->runPending(Array, Array)
#16 D:/laragon/www/DuAn_TN/vendor/laravel/framework/src/Illuminate/Database/Console/Migrations/MigrateCommand.php(92): Illuminate/Database/Migrations/Migrator->run(Array, Array)
#17 D:/laragon/www/DuAn_TN/vendor/laravel/framework/src/Illuminate/Database/Migrations/Migrator.php(641): Illuminate/Database/Console/Migrations/MigrateCommand->Illuminate/Database/Console/Migrations/{closure}()
#18 D:/laragon/www/DuAn_TN/vendor/laravel/framework/src/Illuminate/Database/Console/Migrations/MigrateCommand.php(104): Illuminate/Database/Migrations/Migrator->usingConnection(NULL, Object(Closure))
#19 D:/laragon/www/DuAn_TN/vendor/laravel/framework/src/Illuminate/Container/BoundMethod.php(36): Illuminate/Database/Console/Migrations/MigrateCommand->handle()
#20 D:/laragon/www/DuAn_TN/vendor/laravel/framework/src/Illuminate/Container/Util.php(41): Illuminate/Container/BoundMethod::Illuminate/Container/{closure}()
#21 D:/laragon/www/DuAn_TN/vendor/laravel/framework/src/Illuminate/Container/BoundMethod.php(93): Illuminate/Container/Util::unwrapIfClosure(Object(Closure))
#22 D:/laragon/www/DuAn_TN/vendor/laravel/framework/src/Illuminate/Container/BoundMethod.php(37): Illuminate/Container/BoundMethod::callBoundMethod(Object(Illuminate/Foundation/Application), Array, Object(Closure))
#23 D:/laragon/www/DuAn_TN/vendor/laravel/framework/src/Illuminate/Container/Container.php(662): Illuminate/Container/BoundMethod::call(Object(Illuminate/Foundation/Application), Array, Array, NULL)
#24 D:/laragon/www/DuAn_TN/vendor/laravel/framework/src/Illuminate/Console/Command.php(211): Illuminate/Container/Container->call(Array)
#25 D:/laragon/www/DuAn_TN/vendor/symfony/console/Command/Command.php(326): Illuminate/Console/Command->execute(Object(Symfony/Component/Console/Input/ArgvInput), Object(Illuminate/Console/OutputStyle))
#26 D:/laragon/www/DuAn_TN/vendor/laravel/framework/src/Illuminate/Console/Command.php(181): Symfony/Component/Console/Command/Command->run(Object(Symfony/Component/Console/Input/ArgvInput), Object(Illuminate/Console/OutputStyle))
#27 D:/laragon/www/DuAn_TN/vendor/symfony/console/Application.php(1121): Illuminate/Console/Command->run(Object(Symfony/Component/Console/Input/ArgvInput), Object(Symfony/Component/Console/Output/ConsoleOutput))
#28 D:/laragon/www/DuAn_TN/vendor/symfony/console/Application.php(324): Symfony/Component/Console/Application->doRunCommand(Object(Illuminate/Database/Console/Migrations/MigrateCommand), Object(Symfony/Component/Console/Input/ArgvInput), Object(Symfony/Component/Console/Output/ConsoleOutput))
#29 D:/laragon/www/DuAn_TN/vendor/symfony/console/Application.php(175): Symfony/Component/Console/Application->doRun(Object(Symfony/Component/Console/Input/ArgvInput), Object(Symfony/Component/Console/Output/ConsoleOutput))
#30 D:/laragon/www/DuAn_TN/vendor/laravel/framework/src/Illuminate/Foundation/Console/Kernel.php(201): Symfony/Component/Console/Application->run(Object(Symfony/Component/Console/Input/ArgvInput), Object(Symfony/Component/Console/Output/ConsoleOutput))
#31 D:/laragon/www/DuAn_TN/artisan(37): Illuminate/Foundation/Console/Kernel->handle(Object(Symfony/Component/Console/Input/ArgvInput), Object(Symfony/Component/Console/Output/ConsoleOutput))
#32 {main}

[previous exception] [object] (PDOException(code: 42S01): SQLSTATE[42S01]: Base table or view already exists: 1050 Table 'users' already exists at D:/laragon/www/DuAn_TN/vendor/laravel/framework/src/Illuminate/Database/Connection.php:587)
[stacktrace]
#0 D:/laragon/www/DuAn_TN/vendor/laravel/framework/src/Illuminate/Database/Connection.php(587): PDOStatement->execute()
#1 D:/laragon/www/DuAn_TN/vendor/laravel/framework/src/Illuminate/Database/Connection.php(816): Illuminate/Database/Connection->Illuminate/Database/{closure}('create table `u...', Array)
#2 D:/laragon/www/DuAn_TN/vendor/laravel/framework/src/Illuminate/Database/Connection.php(783): Illuminate/Database/Connection->runQueryCallback('create table `u...', Array, Object(Closure))
#3 D:/laragon/www/DuAn_TN/vendor/laravel/framework/src/Illuminate/Database/Connection.php(588): Illuminate/Database/Connection->run('create table `u...', Array, Object(Closure))
#4 D:/laragon/www/DuAn_TN/vendor/laravel/framework/src/Illuminate/Database/Schema/Blueprint.php(110): Illuminate/Database/Connection->statement('create table `u...')
#5 D:/laragon/www/DuAn_TN/vendor/laravel/framework/src/Illuminate/Database/Schema/Builder.php(602): Illuminate/Database/Schema/Blueprint->build(Object(Illuminate/Database/MySqlConnection), Object(Illuminate/Database/Schema/Grammars/MySqlGrammar))
#6 D:/laragon/www/DuAn_TN/vendor/laravel/framework/src/Illuminate/Database/Schema/Builder.php(460): Illuminate/Database/Schema/Builder->build(Object(Illuminate/Database/Schema/Blueprint))
#7 D:/laragon/www/DuAn_TN/vendor/laravel/framework/src/Illuminate/Support/Facades/Facade.php(355): Illuminate/Database/Schema/Builder->create('users', Object(Closure))
#8 D:/laragon/www/DuAn_TN/database/migrations/2026_05_22_000001_create_users_table.php(23): Illuminate/Support/Facades/Facade::__callStatic('create', Array)
#9 D:/laragon/www/DuAn_TN/vendor/laravel/framework/src/Illuminate/Database/Migrations/Migrator.php(501): Illuminate/Database/Migrations/Migration@anonymous->up()
#10 D:/laragon/www/DuAn_TN/vendor/laravel/framework/src/Illuminate/Database/Migrations/Migrator.php(418): Illuminate/Database/Migrations/Migrator->runMethod(Object(Illuminate/Database/MySqlConnection), Object(Illuminate/Database/Migrations/Migration@anonymous), 'up')
#11 D:/laragon/www/DuAn_TN/vendor/laravel/framework/src/Illuminate/Database/Migrations/Migrator.php(427): Illuminate/Database/Migrations/Migrator->Illuminate/Database/Migrations/{closure}()
#12 D:/laragon/www/DuAn_TN/vendor/laravel/framework/src/Illuminate/Database/Migrations/Migrator.php(224): Illuminate/Database/Migrations/Migrator->runMigration(Object(Illuminate/Database/Migrations/Migration@anonymous), 'up')
#13 D:/laragon/www/DuAn_TN/vendor/laravel/framework/src/Illuminate/Console/View/Components/Task.php(37): Illuminate/Database/Migrations/Migrator->Illuminate/Database/Migrations/{closure}()
#14 D:/laragon/www/DuAn_TN/vendor/laravel/framework/src/Illuminate/Database/Migrations/Migrator.php(783): Illuminate/Console/View/Components/Task->render('2026_05_22_0000...', Object(Closure))
#15 D:/laragon/www/DuAn_TN/vendor/laravel/framework/src/Illuminate/Database/Migrations/Migrator.php(224): Illuminate/Database/Migrations/Migrator->write('Illuminate//Cons...', '2026_05_22_0000...', Object(Closure))
#16 D:/laragon/www/DuAn_TN/vendor/laravel/framework/src/Illuminate/Database/Migrations/Migrator.php(189): Illuminate/Database/Migrations/Migrator->runUp('D://laragon//www//...', 1, false)
#17 D:/laragon/www/DuAn_TN/vendor/laravel/framework/src/Illuminate/Database/Migrations/Migrator.php(132): Illuminate/Database/Migrations/Migrator->runPending(Array, Array)
#18 D:/laragon/www/DuAn_TN/vendor/laravel/framework/src/Illuminate/Database/Console/Migrations/MigrateCommand.php(92): Illuminate/Database/Migrations/Migrator->run(Array, Array)
#19 D:/laragon/www/DuAn_TN/vendor/laravel/framework/src/Illuminate/Database/Migrations/Migrator.php(641): Illuminate/Database/Console/Migrations/MigrateCommand->Illuminate/Database/Console/Migrations/{closure}()
#20 D:/laragon/www/DuAn_TN/vendor/laravel/framework/src/Illuminate/Database/Console/Migrations/MigrateCommand.php(104): Illuminate/Database/Migrations/Migrator->usingConnection(NULL, Object(Closure))
#21 D:/laragon/www/DuAn_TN/vendor/laravel/framework/src/Illuminate/Container/BoundMethod.php(36): Illuminate/Database/Console/Migrations/MigrateCommand->handle()
#22 D:/laragon/www/DuAn_TN/vendor/laravel/framework/src/Illuminate/Container/Util.php(41): Illuminate/Container/BoundMethod::Illuminate/Container/{closure}()
#23 D:/laragon/www/DuAn_TN/vendor/laravel/framework/src/Illuminate/Container/BoundMethod.php(93): Illuminate/Container/Util::unwrapIfClosure(Object(Closure))
#24 D:/laragon/www/DuAn_TN/vendor/laravel/framework/src/Illuminate/Container/BoundMethod.php(37): Illuminate/Container/BoundMethod::callBoundMethod(Object(Illuminate/Foundation/Application), Array, Object(Closure))
#25 D:/laragon/www/DuAn_TN/vendor/laravel/framework/src/Illuminate/Container/Container.php(662): Illuminate/Container/BoundMethod::call(Object(Illuminate/Foundation/Application), Array, Array, NULL)
#26 D:/laragon/www/DuAn_TN/vendor/laravel/framework/src/Illuminate/Console/Command.php(211): Illuminate/Container/Container->call(Array)
#27 D:/laragon/www/DuAn_TN/vendor/symfony/console/Command/Command.php(326): Illuminate/Console/Command->execute(Object(Symfony/Component/Console/Input/ArgvInput), Object(Illuminate/Console/OutputStyle))
#28 D:/laragon/www/DuAn_TN/vendor/laravel/framework/src/Illuminate/Console/Command.php(181): Symfony/Component/Console/Command/Command->run(Object(Symfony/Component/Console/Input/ArgvInput), Object(Illuminate/Console/OutputStyle))
#29 D:/laragon/www/DuAn_TN/vendor/symfony/console/Application.php(1121): Illuminate/Console/Command->run(Object(Symfony/Component/Console/Input/ArgvInput), Object(Symfony/Component/Console/Output/ConsoleOutput))
#30 D:/laragon/www/DuAn_TN/vendor/symfony/console/Application.php(324): Symfony/Component/Console/Application->doRunCommand(Object(Illuminate/Database/Console/Migrations/MigrateCommand), Object(Symfony/Component/Console/Input/ArgvInput), Object(Symfony/Component/Console/Output/ConsoleOutput))
#31 D:/laragon/www/DuAn_TN/vendor/symfony/console/Application.php(175): Symfony/Component/Console/Application->doRun(Object(Symfony/Component/Console/Input/ArgvInput), Object(Symfony/Component/Console/Output/ConsoleOutput))
#32 D:/laragon/www/DuAn_TN/vendor/laravel/framework/src/Illuminate/Foundation/Console/Kernel.php(201): Symfony/Component/Console/Application->run(Object(Symfony/Component/Console/Input/ArgvInput), Object(Symfony/Component/Console/Output/ConsoleOutput))
#33 D:/laragon/www/DuAn_TN/artisan(37): Illuminate/Foundation/Console/Kernel->handle(Object(Symfony/Component/Console/Input/ArgvInput), Object(Symfony/Component/Console/Output/ConsoleOutput))
#34 {main}
"} 
[2026-05-26 04:50:01] local.ERROR: SQLSTATE[HY000] [2002] No connection could be made because the target machine actively refused it (Connection: mysql, SQL: select table_name as `name`, (data_length + index_length) as `size`, table_comment as `comment`, engine as `engine`, table_collation as `collation` from information_schema.tables where table_schema = 'HNA_15' and table_type in ('BASE TABLE', 'SYSTEM VERSIONED') order by table_name) {"exception":"[object] (Illuminate\\Database\\QueryException(code: 2002): SQLSTATE[HY000] [2002] No connection could be made because the target machine actively refused it (Connection: mysql, SQL: select table_name as `name`, (data_length + index_length) as `size`, table_comment as `comment`, engine as `engine`, table_collation as `collation` from information_schema.tables where table_schema = 'HNA_15' and table_type in ('BASE TABLE', 'SYSTEM VERSIONED') order by table_name) at D:/laragon/www/datnv2/DuAn_TN/vendor/laravel/framework/src/Illuminate/Database/Connection.php:829)
[stacktrace]
#0 D:/laragon/www/datnv2/DuAn_TN/vendor/laravel/framework/src/Illuminate/Database/Connection.php(983): Illuminate/Database/Connection->runQueryCallback('select table_na...', Array, Object(Closure))
#1 D:/laragon/www/datnv2/DuAn_TN/vendor/laravel/framework/src/Illuminate/Database/Connection.php(963): Illuminate/Database/Connection->tryAgainIfCausedByLostConnection(Object(Illuminate/Database/QueryException), 'select table_na...', Array, Object(Closure))
#2 D:/laragon/www/datnv2/DuAn_TN/vendor/laravel/framework/src/Illuminate/Database/Connection.php(786): Illuminate/Database/Connection->handleQueryException(Object(Illuminate/Database/QueryException), 'select table_na...', Array, Object(Closure))
#3 D:/laragon/www/datnv2/DuAn_TN/vendor/laravel/framework/src/Illuminate/Database/Connection.php(431): Illuminate/Database/Connection->run('select table_na...', Array, Object(Closure))
#4 D:/laragon/www/datnv2/DuAn_TN/vendor/laravel/framework/src/Illuminate/Database/Connection.php(401): Illuminate/Database/Connection->select('select table_na...', Array, false)
#5 D:/laragon/www/datnv2/DuAn_TN/vendor/laravel/framework/src/Illuminate/Database/Schema/MySqlBuilder.php(42): Illuminate/Database/Connection->selectFromWriteConnection('select table_na...')
#6 D:/laragon/www/datnv2/DuAn_TN/vendor/laravel/framework/src/Illuminate/Database/Schema/Builder.php(165): Illuminate/Database/Schema/MySqlBuilder->getTables(false)
#7 D:/laragon/www/datnv2/DuAn_TN/vendor/laravel/framework/src/Illuminate/Database/Migrations/DatabaseMigrationRepository.php(184): Illuminate/Database/Schema/Builder->hasTable('migrations')
#8 D:/laragon/www/datnv2/DuAn_TN/vendor/laravel/framework/src/Illuminate/Database/Migrations/Migrator.php(727): Illuminate/Database/Migrations/DatabaseMigrationRepository->repositoryExists()
#9 D:/laragon/www/datnv2/DuAn_TN/vendor/laravel/framework/src/Illuminate/Database/Console/Migrations/MigrateCommand.php(140): Illuminate/Database/Migrations/Migrator->repositoryExists()
#10 D:/laragon/www/datnv2/DuAn_TN/vendor/laravel/framework/src/Illuminate/Support/helpers.php(261): Illuminate/Database/Console/Migrations/MigrateCommand->Illuminate/Database/Console/Migrations/{closure}(1)
#11 D:/laragon/www/datnv2/DuAn_TN/vendor/laravel/framework/src/Illuminate/Database/Console/Migrations/MigrateCommand.php(159): retry(1, Object(Closure), 0, Object(Closure))
#12 D:/laragon/www/datnv2/DuAn_TN/vendor/laravel/framework/src/Illuminate/Database/Console/Migrations/MigrateCommand.php(116): Illuminate/Database/Console/Migrations/MigrateCommand->repositoryExists()
#13 D:/laragon/www/datnv2/DuAn_TN/vendor/laravel/framework/src/Illuminate/Database/Console/Migrations/MigrateCommand.php(84): Illuminate/Database/Console/Migrations/MigrateCommand->prepareDatabase()
#14 D:/laragon/www/datnv2/DuAn_TN/vendor/laravel/framework/src/Illuminate/Database/Migrations/Migrator.php(641): Illuminate/Database/Console/Migrations/MigrateCommand->Illuminate/Database/Console/Migrations/{closure}()
#15 D:/laragon/www/datnv2/DuAn_TN/vendor/laravel/framework/src/Illuminate/Database/Console/Migrations/MigrateCommand.php(104): Illuminate/Database/Migrations/Migrator->usingConnection(NULL, Object(Closure))
#16 D:/laragon/www/datnv2/DuAn_TN/vendor/laravel/framework/src/Illuminate/Container/BoundMethod.php(36): Illuminate/Database/Console/Migrations/MigrateCommand->handle()
#17 D:/laragon/www/datnv2/DuAn_TN/vendor/laravel/framework/src/Illuminate/Container/Util.php(41): Illuminate/Container/BoundMethod::Illuminate/Container/{closure}()
#18 D:/laragon/www/datnv2/DuAn_TN/vendor/laravel/framework/src/Illuminate/Container/BoundMethod.php(93): Illuminate/Container/Util::unwrapIfClosure(Object(Closure))
#19 D:/laragon/www/datnv2/DuAn_TN/vendor/laravel/framework/src/Illuminate/Container/BoundMethod.php(37): Illuminate/Container/BoundMethod::callBoundMethod(Object(Illuminate/Foundation/Application), Array, Object(Closure))
#20 D:/laragon/www/datnv2/DuAn_TN/vendor/laravel/framework/src/Illuminate/Container/Container.php(662): Illuminate/Container/BoundMethod::call(Object(Illuminate/Foundation/Application), Array, Array, NULL)
#21 D:/laragon/www/datnv2/DuAn_TN/vendor/laravel/framework/src/Illuminate/Console/Command.php(211): Illuminate/Container/Container->call(Array)
#22 D:/laragon/www/datnv2/DuAn_TN/vendor/symfony/console/Command/Command.php(326): Illuminate/Console/Command->execute(Object(Symfony/Component/Console/Input/ArgvInput), Object(Illuminate/Console/OutputStyle))
#23 D:/laragon/www/datnv2/DuAn_TN/vendor/laravel/framework/src/Illuminate/Console/Command.php(181): Symfony/Component/Console/Command/Command->run(Object(Symfony/Component/Console/Input/ArgvInput), Object(Illuminate/Console/OutputStyle))
#24 D:/laragon/www/datnv2/DuAn_TN/vendor/symfony/console/Application.php(1121): Illuminate/Console/Command->run(Object(Symfony/Component/Console/Input/ArgvInput), Object(Symfony/Component/Console/Output/ConsoleOutput))
#25 D:/laragon/www/datnv2/DuAn_TN/vendor/symfony/console/Application.php(324): Symfony/Component/Console/Application->doRunCommand(Object(Illuminate/Database/Console/Migrations/MigrateCommand), Object(Symfony/Component/Console/Input/ArgvInput), Object(Symfony/Component/Console/Output/ConsoleOutput))
#26 D:/laragon/www/datnv2/DuAn_TN/vendor/symfony/console/Application.php(175): Symfony/Component/Console/Application->doRun(Object(Symfony/Component/Console/Input/ArgvInput), Object(Symfony/Component/Console/Output/ConsoleOutput))
#27 D:/laragon/www/datnv2/DuAn_TN/vendor/laravel/framework/src/Illuminate/Foundation/Console/Kernel.php(201): Symfony/Component/Console/Application->run(Object(Symfony/Component/Console/Input/ArgvInput), Object(Symfony/Component/Console/Output/ConsoleOutput))
#28 D:/laragon/www/datnv2/DuAn_TN/artisan(37): Illuminate/Foundation/Console/Kernel->handle(Object(Symfony/Component/Console/Input/ArgvInput), Object(Symfony/Component/Console/Output/ConsoleOutput))
#29 {main}

[previous exception] [object] (PDOException(code: 2002): SQLSTATE[HY000] [2002] No connection could be made because the target machine actively refused it at D:/laragon/www/datnv2/DuAn_TN/vendor/laravel/framework/src/Illuminate/Database/Connectors/Connector.php:65)
[stacktrace]
#0 D:/laragon/www/datnv2/DuAn_TN/vendor/laravel/framework/src/Illuminate/Database/Connectors/Connector.php(65): PDO->__construct('mysql:host=127....', 'root', '', Array)
#1 D:/laragon/www/datnv2/DuAn_TN/vendor/laravel/framework/src/Illuminate/Database/Connectors/Connector.php(83): Illuminate/Database/Connectors/Connector->createPdoConnection('mysql:host=127....', 'root', '', Array)
#2 D:/laragon/www/datnv2/DuAn_TN/vendor/laravel/framework/src/Illuminate/Database/Connectors/Connector.php(49): Illuminate/Database/Connectors/Connector->tryAgainIfCausedByLostConnection(Object(PDOException), 'mysql:host=127....', 'root', '', Array)
#3 D:/laragon/www/datnv2/DuAn_TN/vendor/laravel/framework/src/Illuminate/Database/Connectors/MySqlConnector.php(24): Illuminate/Database/Connectors/Connector->createConnection('mysql:host=127....', Array, Array)
#4 D:/laragon/www/datnv2/DuAn_TN/vendor/laravel/framework/src/Illuminate/Database/Connectors/ConnectionFactory.php(184): Illuminate/Database/Connectors/MySqlConnector->connect(Array)
#5 [internal function]: Illuminate/Database/Connectors/ConnectionFactory->Illuminate/Database/Connectors/{closure}()
#6 D:/laragon/www/datnv2/DuAn_TN/vendor/laravel/framework/src/Illuminate/Database/Connection.php(1339): call_user_func(Object(Closure))
#7 D:/laragon/www/datnv2/DuAn_TN/vendor/laravel/framework/src/Illuminate/Database/Connection.php(528): Illuminate/Database/Connection->getPdo()
#8 D:/laragon/www/datnv2/DuAn_TN/vendor/laravel/framework/src/Illuminate/Database/Connection.php(423): Illuminate/Database/Connection->getPdoForSelect(false)
#9 D:/laragon/www/datnv2/DuAn_TN/vendor/laravel/framework/src/Illuminate/Database/Connection.php(816): Illuminate/Database/Connection->Illuminate/Database/{closure}('select table_na...', Array)
#10 D:/laragon/www/datnv2/DuAn_TN/vendor/laravel/framework/src/Illuminate/Database/Connection.php(983): Illuminate/Database/Connection->runQueryCallback('select table_na...', Array, Object(Closure))
#11 D:/laragon/www/datnv2/DuAn_TN/vendor/laravel/framework/src/Illuminate/Database/Connection.php(963): Illuminate/Database/Connection->tryAgainIfCausedByLostConnection(Object(Illuminate/Database/QueryException), 'select table_na...', Array, Object(Closure))
#12 D:/laragon/www/datnv2/DuAn_TN/vendor/laravel/framework/src/Illuminate/Database/Connection.php(786): Illuminate/Database/Connection->handleQueryException(Object(Illuminate/Database/QueryException), 'select table_na...', Array, Object(Closure))
#13 D:/laragon/www/datnv2/DuAn_TN/vendor/laravel/framework/src/Illuminate/Database/Connection.php(431): Illuminate/Database/Connection->run('select table_na...', Array, Object(Closure))
#14 D:/laragon/www/datnv2/DuAn_TN/vendor/laravel/framework/src/Illuminate/Database/Connection.php(401): Illuminate/Database/Connection->select('select table_na...', Array, false)
#15 D:/laragon/www/datnv2/DuAn_TN/vendor/laravel/framework/src/Illuminate/Database/Schema/MySqlBuilder.php(42): Illuminate/Database/Connection->selectFromWriteConnection('select table_na...')
#16 D:/laragon/www/datnv2/DuAn_TN/vendor/laravel/framework/src/Illuminate/Database/Schema/Builder.php(165): Illuminate/Database/Schema/MySqlBuilder->getTables(false)
#17 D:/laragon/www/datnv2/DuAn_TN/vendor/laravel/framework/src/Illuminate/Database/Migrations/DatabaseMigrationRepository.php(184): Illuminate/Database/Schema/Builder->hasTable('migrations')
#18 D:/laragon/www/datnv2/DuAn_TN/vendor/laravel/framework/src/Illuminate/Database/Migrations/Migrator.php(727): Illuminate/Database/Migrations/DatabaseMigrationRepository->repositoryExists()
#19 D:/laragon/www/datnv2/DuAn_TN/vendor/laravel/framework/src/Illuminate/Database/Console/Migrations/MigrateCommand.php(140): Illuminate/Database/Migrations/Migrator->repositoryExists()
#20 D:/laragon/www/datnv2/DuAn_TN/vendor/laravel/framework/src/Illuminate/Support/helpers.php(261): Illuminate/Database/Console/Migrations/MigrateCommand->Illuminate/Database/Console/Migrations/{closure}(1)
#21 D:/laragon/www/datnv2/DuAn_TN/vendor/laravel/framework/src/Illuminate/Database/Console/Migrations/MigrateCommand.php(159): retry(1, Object(Closure), 0, Object(Closure))
#22 D:/laragon/www/datnv2/DuAn_TN/vendor/laravel/framework/src/Illuminate/Database/Console/Migrations/MigrateCommand.php(116): Illuminate/Database/Console/Migrations/MigrateCommand->repositoryExists()
#23 D:/laragon/www/datnv2/DuAn_TN/vendor/laravel/framework/src/Illuminate/Database/Console/Migrations/MigrateCommand.php(84): Illuminate/Database/Console/Migrations/MigrateCommand->prepareDatabase()
#24 D:/laragon/www/datnv2/DuAn_TN/vendor/laravel/framework/src/Illuminate/Database/Migrations/Migrator.php(641): Illuminate/Database/Console/Migrations/MigrateCommand->Illuminate/Database/Console/Migrations/{closure}()
#25 D:/laragon/www/datnv2/DuAn_TN/vendor/laravel/framework/src/Illuminate/Database/Console/Migrations/MigrateCommand.php(104): Illuminate/Database/Migrations/Migrator->usingConnection(NULL, Object(Closure))
#26 D:/laragon/www/datnv2/DuAn_TN/vendor/laravel/framework/src/Illuminate/Container/BoundMethod.php(36): Illuminate/Database/Console/Migrations/MigrateCommand->handle()
#27 D:/laragon/www/datnv2/DuAn_TN/vendor/laravel/framework/src/Illuminate/Container/Util.php(41): Illuminate/Container/BoundMethod::Illuminate/Container/{closure}()
#28 D:/laragon/www/datnv2/DuAn_TN/vendor/laravel/framework/src/Illuminate/Container/BoundMethod.php(93): Illuminate/Container/Util::unwrapIfClosure(Object(Closure))
#29 D:/laragon/www/datnv2/DuAn_TN/vendor/laravel/framework/src/Illuminate/Container/BoundMethod.php(37): Illuminate/Container/BoundMethod::callBoundMethod(Object(Illuminate/Foundation/Application), Array, Object(Closure))
#30 D:/laragon/www/datnv2/DuAn_TN/vendor/laravel/framework/src/Illuminate/Container/Container.php(662): Illuminate/Container/BoundMethod::call(Object(Illuminate/Foundation/Application), Array, Array, NULL)
#31 D:/laragon/www/datnv2/DuAn_TN/vendor/laravel/framework/src/Illuminate/Console/Command.php(211): Illuminate/Container/Container->call(Array)
#32 D:/laragon/www/datnv2/DuAn_TN/vendor/symfony/console/Command/Command.php(326): Illuminate/Console/Command->execute(Object(Symfony/Component/Console/Input/ArgvInput), Object(Illuminate/Console/OutputStyle))
#33 D:/laragon/www/datnv2/DuAn_TN/vendor/laravel/framework/src/Illuminate/Console/Command.php(181): Symfony/Component/Console/Command/Command->run(Object(Symfony/Component/Console/Input/ArgvInput), Object(Illuminate/Console/OutputStyle))
#34 D:/laragon/www/datnv2/DuAn_TN/vendor/symfony/console/Application.php(1121): Illuminate/Console/Command->run(Object(Symfony/Component/Console/Input/ArgvInput), Object(Symfony/Component/Console/Output/ConsoleOutput))
#35 D:/laragon/www/datnv2/DuAn_TN/vendor/symfony/console/Application.php(324): Symfony/Component/Console/Application->doRunCommand(Object(Illuminate/Database/Console/Migrations/MigrateCommand), Object(Symfony/Component/Console/Input/ArgvInput), Object(Symfony/Component/Console/Output/ConsoleOutput))
#36 D:/laragon/www/datnv2/DuAn_TN/vendor/symfony/console/Application.php(175): Symfony/Component/Console/Application->doRun(Object(Symfony/Component/Console/Input/ArgvInput), Object(Symfony/Component/Console/Output/ConsoleOutput))
#37 D:/laragon/www/datnv2/DuAn_TN/vendor/laravel/framework/src/Illuminate/Foundation/Console/Kernel.php(201): Symfony/Component/Console/Application->run(Object(Symfony/Component/Console/Input/ArgvInput), Object(Symfony/Component/Console/Output/ConsoleOutput))
#38 D:/laragon/www/datnv2/DuAn_TN/artisan(37): Illuminate/Foundation/Console/Kernel->handle(Object(Symfony/Component/Console/Input/ArgvInput), Object(Symfony/Component/Console/Output/ConsoleOutput))
#39 {main}
"} 
[2026-05-26 04:50:35] local.ERROR: SQLSTATE[HY000] [2002] No connection could be made because the target machine actively refused it (Connection: mysql, SQL: select table_name as `name`, (data_length + index_length) as `size`, table_comment as `comment`, engine as `engine`, table_collation as `collation` from information_schema.tables where table_schema = 'HNA_15' and table_type in ('BASE TABLE', 'SYSTEM VERSIONED') order by table_name) {"exception":"[object] (Illuminate\\Database\\QueryException(code: 2002): SQLSTATE[HY000] [2002] No connection could be made because the target machine actively refused it (Connection: mysql, SQL: select table_name as `name`, (data_length + index_length) as `size`, table_comment as `comment`, engine as `engine`, table_collation as `collation` from information_schema.tables where table_schema = 'HNA_15' and table_type in ('BASE TABLE', 'SYSTEM VERSIONED') order by table_name) at D:/laragon/www/datnv2/DuAn_TN/vendor/laravel/framework/src/Illuminate/Database/Connection.php:829)
[stacktrace]
#0 D:/laragon/www/datnv2/DuAn_TN/vendor/laravel/framework/src/Illuminate/Database/Connection.php(983): Illuminate/Database/Connection->runQueryCallback('select table_na...', Array, Object(Closure))
#1 D:/laragon/www/datnv2/DuAn_TN/vendor/laravel/framework/src/Illuminate/Database/Connection.php(963): Illuminate/Database/Connection->tryAgainIfCausedByLostConnection(Object(Illuminate/Database/QueryException), 'select table_na...', Array, Object(Closure))
#2 D:/laragon/www/datnv2/DuAn_TN/vendor/laravel/framework/src/Illuminate/Database/Connection.php(786): Illuminate/Database/Connection->handleQueryException(Object(Illuminate/Database/QueryException), 'select table_na...', Array, Object(Closure))
#3 D:/laragon/www/datnv2/DuAn_TN/vendor/laravel/framework/src/Illuminate/Database/Connection.php(431): Illuminate/Database/Connection->run('select table_na...', Array, Object(Closure))
#4 D:/laragon/www/datnv2/DuAn_TN/vendor/laravel/framework/src/Illuminate/Database/Connection.php(401): Illuminate/Database/Connection->select('select table_na...', Array, false)
#5 D:/laragon/www/datnv2/DuAn_TN/vendor/laravel/framework/src/Illuminate/Database/Schema/MySqlBuilder.php(42): Illuminate/Database/Connection->selectFromWriteConnection('select table_na...')
#6 D:/laragon/www/datnv2/DuAn_TN/vendor/laravel/framework/src/Illuminate/Database/Schema/Builder.php(165): Illuminate/Database/Schema/MySqlBuilder->getTables(false)
#7 D:/laragon/www/datnv2/DuAn_TN/vendor/laravel/framework/src/Illuminate/Database/Migrations/DatabaseMigrationRepository.php(184): Illuminate/Database/Schema/Builder->hasTable('migrations')
#8 D:/laragon/www/datnv2/DuAn_TN/vendor/laravel/framework/src/Illuminate/Database/Migrations/Migrator.php(727): Illuminate/Database/Migrations/DatabaseMigrationRepository->repositoryExists()
#9 D:/laragon/www/datnv2/DuAn_TN/vendor/laravel/framework/src/Illuminate/Database/Console/Migrations/StatusCommand.php(53): Illuminate/Database/Migrations/Migrator->repositoryExists()
#10 D:/laragon/www/datnv2/DuAn_TN/vendor/laravel/framework/src/Illuminate/Database/Migrations/Migrator.php(641): Illuminate/Database/Console/Migrations/StatusCommand->Illuminate/Database/Console/Migrations/{closure}()
#11 D:/laragon/www/datnv2/DuAn_TN/vendor/laravel/framework/src/Illuminate/Database/Console/Migrations/StatusCommand.php(84): Illuminate/Database/Migrations/Migrator->usingConnection(NULL, Object(Closure))
#12 D:/laragon/www/datnv2/DuAn_TN/vendor/laravel/framework/src/Illuminate/Container/BoundMethod.php(36): Illuminate/Database/Console/Migrations/StatusCommand->handle()
#13 D:/laragon/www/datnv2/DuAn_TN/vendor/laravel/framework/src/Illuminate/Container/Util.php(41): Illuminate/Container/BoundMethod::Illuminate/Container/{closure}()
#14 D:/laragon/www/datnv2/DuAn_TN/vendor/laravel/framework/src/Illuminate/Container/BoundMethod.php(93): Illuminate/Container/Util::unwrapIfClosure(Object(Closure))
#15 D:/laragon/www/datnv2/DuAn_TN/vendor/laravel/framework/src/Illuminate/Container/BoundMethod.php(37): Illuminate/Container/BoundMethod::callBoundMethod(Object(Illuminate/Foundation/Application), Array, Object(Closure))
#16 D:/laragon/www/datnv2/DuAn_TN/vendor/laravel/framework/src/Illuminate/Container/Container.php(662): Illuminate/Container/BoundMethod::call(Object(Illuminate/Foundation/Application), Array, Array, NULL)
#17 D:/laragon/www/datnv2/DuAn_TN/vendor/laravel/framework/src/Illuminate/Console/Command.php(211): Illuminate/Container/Container->call(Array)
#18 D:/laragon/www/datnv2/DuAn_TN/vendor/symfony/console/Command/Command.php(326): Illuminate/Console/Command->execute(Object(Symfony/Component/Console/Input/ArgvInput), Object(Illuminate/Console/OutputStyle))
#19 D:/laragon/www/datnv2/DuAn_TN/vendor/laravel/framework/src/Illuminate/Console/Command.php(181): Symfony/Component/Console/Command/Command->run(Object(Symfony/Component/Console/Input/ArgvInput), Object(Illuminate/Console/OutputStyle))
#20 D:/laragon/www/datnv2/DuAn_TN/vendor/symfony/console/Application.php(1121): Illuminate/Console/Command->run(Object(Symfony/Component/Console/Input/ArgvInput), Object(Symfony/Component/Console/Output/ConsoleOutput))
#21 D:/laragon/www/datnv2/DuAn_TN/vendor/symfony/console/Application.php(324): Symfony/Component/Console/Application->doRunCommand(Object(Illuminate/Database/Console/Migrations/StatusCommand), Object(Symfony/Component/Console/Input/ArgvInput), Object(Symfony/Component/Console/Output/ConsoleOutput))
#22 D:/laragon/www/datnv2/DuAn_TN/vendor/symfony/console/Application.php(175): Symfony/Component/Console/Application->doRun(Object(Symfony/Component/Console/Input/ArgvInput), Object(Symfony/Component/Console/Output/ConsoleOutput))
#23 D:/laragon/www/datnv2/DuAn_TN/vendor/laravel/framework/src/Illuminate/Foundation/Console/Kernel.php(201): Symfony/Component/Console/Application->run(Object(Symfony/Component/Console/Input/ArgvInput), Object(Symfony/Component/Console/Output/ConsoleOutput))
#24 D:/laragon/www/datnv2/DuAn_TN/artisan(37): Illuminate/Foundation/Console/Kernel->handle(Object(Symfony/Component/Console/Input/ArgvInput), Object(Symfony/Component/Console/Output/ConsoleOutput))
#25 {main}

[previous exception] [object] (PDOException(code: 2002): SQLSTATE[HY000] [2002] No connection could be made because the target machine actively refused it at D:/laragon/www/datnv2/DuAn_TN/vendor/laravel/framework/src/Illuminate/Database/Connectors/Connector.php:65)
[stacktrace]
#0 D:/laragon/www/datnv2/DuAn_TN/vendor/laravel/framework/src/Illuminate/Database/Connectors/Connector.php(65): PDO->__construct('mysql:host=127....', 'root', '', Array)
#1 D:/laragon/www/datnv2/DuAn_TN/vendor/laravel/framework/src/Illuminate/Database/Connectors/Connector.php(83): Illuminate/Database/Connectors/Connector->createPdoConnection('mysql:host=127....', 'root', '', Array)
#2 D:/laragon/www/datnv2/DuAn_TN/vendor/laravel/framework/src/Illuminate/Database/Connectors/Connector.php(49): Illuminate/Database/Connectors/Connector->tryAgainIfCausedByLostConnection(Object(PDOException), 'mysql:host=127....', 'root', '', Array)
#3 D:/laragon/www/datnv2/DuAn_TN/vendor/laravel/framework/src/Illuminate/Database/Connectors/MySqlConnector.php(24): Illuminate/Database/Connectors/Connector->createConnection('mysql:host=127....', Array, Array)
#4 D:/laragon/www/datnv2/DuAn_TN/vendor/laravel/framework/src/Illuminate/Database/Connectors/ConnectionFactory.php(184): Illuminate/Database/Connectors/MySqlConnector->connect(Array)
#5 [internal function]: Illuminate/Database/Connectors/ConnectionFactory->Illuminate/Database/Connectors/{closure}()
#6 D:/laragon/www/datnv2/DuAn_TN/vendor/laravel/framework/src/Illuminate/Database/Connection.php(1339): call_user_func(Object(Closure))
#7 D:/laragon/www/datnv2/DuAn_TN/vendor/laravel/framework/src/Illuminate/Database/Connection.php(528): Illuminate/Database/Connection->getPdo()
#8 D:/laragon/www/datnv2/DuAn_TN/vendor/laravel/framework/src/Illuminate/Database/Connection.php(423): Illuminate/Database/Connection->getPdoForSelect(false)
#9 D:/laragon/www/datnv2/DuAn_TN/vendor/laravel/framework/src/Illuminate/Database/Connection.php(816): Illuminate/Database/Connection->Illuminate/Database/{closure}('select table_na...', Array)
#10 D:/laragon/www/datnv2/DuAn_TN/vendor/laravel/framework/src/Illuminate/Database/Connection.php(983): Illuminate/Database/Connection->runQueryCallback('select table_na...', Array, Object(Closure))
#11 D:/laragon/www/datnv2/DuAn_TN/vendor/laravel/framework/src/Illuminate/Database/Connection.php(963): Illuminate/Database/Connection->tryAgainIfCausedByLostConnection(Object(Illuminate/Database/QueryException), 'select table_na...', Array, Object(Closure))
#12 D:/laragon/www/datnv2/DuAn_TN/vendor/laravel/framework/src/Illuminate/Database/Connection.php(786): Illuminate/Database/Connection->handleQueryException(Object(Illuminate/Database/QueryException), 'select table_na...', Array, Object(Closure))
#13 D:/laragon/www/datnv2/DuAn_TN/vendor/laravel/framework/src/Illuminate/Database/Connection.php(431): Illuminate/Database/Connection->run('select table_na...', Array, Object(Closure))
#14 D:/laragon/www/datnv2/DuAn_TN/vendor/laravel/framework/src/Illuminate/Database/Connection.php(401): Illuminate/Database/Connection->select('select table_na...', Array, false)
#15 D:/laragon/www/datnv2/DuAn_TN/vendor/laravel/framework/src/Illuminate/Database/Schema/MySqlBuilder.php(42): Illuminate/Database/Connection->selectFromWriteConnection('select table_na...')
#16 D:/laragon/www/datnv2/DuAn_TN/vendor/laravel/framework/src/Illuminate/Database/Schema/Builder.php(165): Illuminate/Database/Schema/MySqlBuilder->getTables(false)
#17 D:/laragon/www/datnv2/DuAn_TN/vendor/laravel/framework/src/Illuminate/Database/Migrations/DatabaseMigrationRepository.php(184): Illuminate/Database/Schema/Builder->hasTable('migrations')
#18 D:/laragon/www/datnv2/DuAn_TN/vendor/laravel/framework/src/Illuminate/Database/Migrations/Migrator.php(727): Illuminate/Database/Migrations/DatabaseMigrationRepository->repositoryExists()
#19 D:/laragon/www/datnv2/DuAn_TN/vendor/laravel/framework/src/Illuminate/Database/Console/Migrations/StatusCommand.php(53): Illuminate/Database/Migrations/Migrator->repositoryExists()
#20 D:/laragon/www/datnv2/DuAn_TN/vendor/laravel/framework/src/Illuminate/Database/Migrations/Migrator.php(641): Illuminate/Database/Console/Migrations/StatusCommand->Illuminate/Database/Console/Migrations/{closure}()
#21 D:/laragon/www/datnv2/DuAn_TN/vendor/laravel/framework/src/Illuminate/Database/Console/Migrations/StatusCommand.php(84): Illuminate/Database/Migrations/Migrator->usingConnection(NULL, Object(Closure))
#22 D:/laragon/www/datnv2/DuAn_TN/vendor/laravel/framework/src/Illuminate/Container/BoundMethod.php(36): Illuminate/Database/Console/Migrations/StatusCommand->handle()
#23 D:/laragon/www/datnv2/DuAn_TN/vendor/laravel/framework/src/Illuminate/Container/Util.php(41): Illuminate/Container/BoundMethod::Illuminate/Container/{closure}()
#24 D:/laragon/www/datnv2/DuAn_TN/vendor/laravel/framework/src/Illuminate/Container/BoundMethod.php(93): Illuminate/Container/Util::unwrapIfClosure(Object(Closure))
#25 D:/laragon/www/datnv2/DuAn_TN/vendor/laravel/framework/src/Illuminate/Container/BoundMethod.php(37): Illuminate/Container/BoundMethod::callBoundMethod(Object(Illuminate/Foundation/Application), Array, Object(Closure))
#26 D:/laragon/www/datnv2/DuAn_TN/vendor/laravel/framework/src/Illuminate/Container/Container.php(662): Illuminate/Container/BoundMethod::call(Object(Illuminate/Foundation/Application), Array, Array, NULL)
#27 D:/laragon/www/datnv2/DuAn_TN/vendor/laravel/framework/src/Illuminate/Console/Command.php(211): Illuminate/Container/Container->call(Array)
#28 D:/laragon/www/datnv2/DuAn_TN/vendor/symfony/console/Command/Command.php(326): Illuminate/Console/Command->execute(Object(Symfony/Component/Console/Input/ArgvInput), Object(Illuminate/Console/OutputStyle))
#29 D:/laragon/www/datnv2/DuAn_TN/vendor/laravel/framework/src/Illuminate/Console/Command.php(181): Symfony/Component/Console/Command/Command->run(Object(Symfony/Component/Console/Input/ArgvInput), Object(Illuminate/Console/OutputStyle))
#30 D:/laragon/www/datnv2/DuAn_TN/vendor/symfony/console/Application.php(1121): Illuminate/Console/Command->run(Object(Symfony/Component/Console/Input/ArgvInput), Object(Symfony/Component/Console/Output/ConsoleOutput))
#31 D:/laragon/www/datnv2/DuAn_TN/vendor/symfony/console/Application.php(324): Symfony/Component/Console/Application->doRunCommand(Object(Illuminate/Database/Console/Migrations/StatusCommand), Object(Symfony/Component/Console/Input/ArgvInput), Object(Symfony/Component/Console/Output/ConsoleOutput))
#32 D:/laragon/www/datnv2/DuAn_TN/vendor/symfony/console/Application.php(175): Symfony/Component/Console/Application->doRun(Object(Symfony/Component/Console/Input/ArgvInput), Object(Symfony/Component/Console/Output/ConsoleOutput))
#33 D:/laragon/www/datnv2/DuAn_TN/vendor/laravel/framework/src/Illuminate/Foundation/Console/Kernel.php(201): Symfony/Component/Console/Application->run(Object(Symfony/Component/Console/Input/ArgvInput), Object(Symfony/Component/Console/Output/ConsoleOutput))
#34 D:/laragon/www/datnv2/DuAn_TN/artisan(37): Illuminate/Foundation/Console/Kernel->handle(Object(Symfony/Component/Console/Input/ArgvInput), Object(Symfony/Component/Console/Output/ConsoleOutput))
#35 {main}
"} 
[2026-05-26 05:06:34] local.ERROR: SQLSTATE[42S22]: Column not found: 1054 Unknown column 'name' in 'field list' (Connection: mysql, SQL: insert into `users` (`email`, `name`, `password`, `updated_at`, `created_at`) values (admin@admin.com, Super Admin, $2y$12$BDa9/VdrJmuB6KoSzgoWh.khft1efkY3s7IQ03v8nFaL4DsE1dfJm, 2026-05-26 05:06:34, 2026-05-26 05:06:34)) {"exception":"[object] (Illuminate\\Database\\QueryException(code: 42S22): SQLSTATE[42S22]: Column not found: 1054 Unknown column 'name' in 'field list' (Connection: mysql, SQL: insert into `users` (`email`, `name`, `password`, `updated_at`, `created_at`) values (admin@admin.com, Super Admin, $2y$12$BDa9/VdrJmuB6KoSzgoWh.khft1efkY3s7IQ03v8nFaL4DsE1dfJm, 2026-05-26 05:06:34, 2026-05-26 05:06:34)) at D:/laragon/www/datnv2/DuAn_TN/vendor/laravel/framework/src/Illuminate/Database/Connection.php:829)
[stacktrace]
#0 D:/laragon/www/datnv2/DuAn_TN/vendor/laravel/framework/src/Illuminate/Database/Connection.php(783): Illuminate/Database/Connection->runQueryCallback('insert into `us...', Array, Object(Closure))
#1 D:/laragon/www/datnv2/DuAn_TN/vendor/laravel/framework/src/Illuminate/Database/MySqlConnection.php(50): Illuminate/Database/Connection->run('insert into `us...', Array, Object(Closure))
#2 D:/laragon/www/datnv2/DuAn_TN/vendor/laravel/framework/src/Illuminate/Database/Query/Processors/MySqlProcessor.php(35): Illuminate/Database/MySqlConnection->insert('insert into `us...', Array, 'id')
#3 D:/laragon/www/datnv2/DuAn_TN/vendor/laravel/framework/src/Illuminate/Database/Query/Builder.php(3549): Illuminate/Database/Query/Processors/MySqlProcessor->processInsertGetId(Object(Illuminate/Database/Query/Builder), 'insert into `us...', Array, 'id')
#4 D:/laragon/www/datnv2/DuAn_TN/vendor/laravel/framework/src/Illuminate/Database/Eloquent/Builder.php(1982): Illuminate/Database/Query/Builder->insertGetId(Array, 'id')
#5 D:/laragon/www/datnv2/DuAn_TN/vendor/laravel/framework/src/Illuminate/Database/Eloquent/Model.php(1334): Illuminate/Database/Eloquent/Builder->__call('insertGetId', Array)
#6 D:/laragon/www/datnv2/DuAn_TN/vendor/laravel/framework/src/Illuminate/Database/Eloquent/Model.php(1299): Illuminate/Database/Eloquent/Model->insertAndSetId(Object(Illuminate/Database/Eloquent/Builder), Array)
#7 D:/laragon/www/datnv2/DuAn_TN/vendor/laravel/framework/src/Illuminate/Database/Eloquent/Model.php(1138): Illuminate/Database/Eloquent/Model->performInsert(Object(Illuminate/Database/Eloquent/Builder))
#8 D:/laragon/www/datnv2/DuAn_TN/vendor/laravel/framework/src/Illuminate/Database/Eloquent/Builder.php(1025): Illuminate/Database/Eloquent/Model->save()
#9 D:/laragon/www/datnv2/DuAn_TN/vendor/laravel/framework/src/Illuminate/Support/helpers.php(320): Illuminate/Database/Eloquent/Builder->Illuminate/Database/Eloquent/{closure}(Object(App/Models/User))
#10 D:/laragon/www/datnv2/DuAn_TN/vendor/laravel/framework/src/Illuminate/Database/Eloquent/Builder.php(1026): tap(Object(App/Models/User), Object(Closure))
#11 D:/laragon/www/datnv2/DuAn_TN/vendor/laravel/framework/src/Illuminate/Database/Eloquent/Builder.php(585): Illuminate/Database/Eloquent/Builder->create(Array)
#12 D:/laragon/www/datnv2/DuAn_TN/vendor/laravel/framework/src/Illuminate/Database/Eloquent/Builder.php(1728): Illuminate/Database/Eloquent/Builder->Illuminate/Database/Eloquent/{closure}()
#13 D:/laragon/www/datnv2/DuAn_TN/vendor/laravel/framework/src/Illuminate/Database/Eloquent/Builder.php(585): Illuminate/Database/Eloquent/Builder->withSavepointIfNeeded(Object(Closure))
#14 D:/laragon/www/datnv2/DuAn_TN/vendor/laravel/framework/src/Illuminate/Database/Eloquent/Builder.php(572): Illuminate/Database/Eloquent/Builder->createOrFirst(Array, Array)
#15 D:/laragon/www/datnv2/DuAn_TN/vendor/laravel/framework/src/Illuminate/Support/Traits/ForwardsCalls.php(23): Illuminate/Database/Eloquent/Builder->firstOrCreate(Array, Array)
#16 D:/laragon/www/datnv2/DuAn_TN/vendor/laravel/framework/src/Illuminate/Database/Eloquent/Model.php(2335): Illuminate/Database/Eloquent/Model->forwardCallTo(Object(Illuminate/Database/Eloquent/Builder), 'firstOrCreate', Array)
#17 D:/laragon/www/datnv2/DuAn_TN/vendor/laravel/framework/src/Illuminate/Database/Eloquent/Model.php(2347): Illuminate/Database/Eloquent/Model->__call('firstOrCreate', Array)
#18 D:/laragon/www/datnv2/DuAn_TN/database/seeders/RolesAndAdminSeeder.php(27): Illuminate/Database/Eloquent/Model::__callStatic('firstOrCreate', Array)
#19 D:/laragon/www/datnv2/DuAn_TN/vendor/laravel/framework/src/Illuminate/Container/BoundMethod.php(36): Database/Seeders/RolesAndAdminSeeder->run()
#20 D:/laragon/www/datnv2/DuAn_TN/vendor/laravel/framework/src/Illuminate/Container/Util.php(41): Illuminate/Container/BoundMethod::Illuminate/Container/{closure}()
#21 D:/laragon/www/datnv2/DuAn_TN/vendor/laravel/framework/src/Illuminate/Container/BoundMethod.php(93): Illuminate/Container/Util::unwrapIfClosure(Object(Closure))
#22 D:/laragon/www/datnv2/DuAn_TN/vendor/laravel/framework/src/Illuminate/Container/BoundMethod.php(37): Illuminate/Container/BoundMethod::callBoundMethod(Object(Illuminate/Foundation/Application), Array, Object(Closure))
#23 D:/laragon/www/datnv2/DuAn_TN/vendor/laravel/framework/src/Illuminate/Container/Container.php(662): Illuminate/Container/BoundMethod::call(Object(Illuminate/Foundation/Application), Array, Array, NULL)
#24 D:/laragon/www/datnv2/DuAn_TN/vendor/laravel/framework/src/Illuminate/Database/Seeder.php(184): Illuminate/Container/Container->call(Array, Array)
#25 D:/laragon/www/datnv2/DuAn_TN/vendor/laravel/framework/src/Illuminate/Database/Seeder.php(193): Illuminate/Database/Seeder->Illuminate/Database/{closure}()
#26 D:/laragon/www/datnv2/DuAn_TN/vendor/laravel/framework/src/Illuminate/Database/Console/Seeds/SeedCommand.php(70): Illuminate/Database/Seeder->__invoke()
#27 D:/laragon/www/datnv2/DuAn_TN/vendor/laravel/framework/src/Illuminate/Database/Eloquent/Concerns/GuardsAttributes.php(155): Illuminate/Database/Console/Seeds/SeedCommand->Illuminate/Database/Console/Seeds/{closure}()
#28 D:/laragon/www/datnv2/DuAn_TN/vendor/laravel/framework/src/Illuminate/Database/Console/Seeds/SeedCommand.php(71): Illuminate/Database/Eloquent/Model::unguarded(Object(Closure))
#29 D:/laragon/www/datnv2/DuAn_TN/vendor/laravel/framework/src/Illuminate/Container/BoundMethod.php(36): Illuminate/Database/Console/Seeds/SeedCommand->handle()
#30 D:/laragon/www/datnv2/DuAn_TN/vendor/laravel/framework/src/Illuminate/Container/Util.php(41): Illuminate/Container/BoundMethod::Illuminate/Container/{closure}()
#31 D:/laragon/www/datnv2/DuAn_TN/vendor/laravel/framework/src/Illuminate/Container/BoundMethod.php(93): Illuminate/Container/Util::unwrapIfClosure(Object(Closure))
#32 D:/laragon/www/datnv2/DuAn_TN/vendor/laravel/framework/src/Illuminate/Container/BoundMethod.php(37): Illuminate/Container/BoundMethod::callBoundMethod(Object(Illuminate/Foundation/Application), Array, Object(Closure))
#33 D:/laragon/www/datnv2/DuAn_TN/vendor/laravel/framework/src/Illuminate/Container/Container.php(662): Illuminate/Container/BoundMethod::call(Object(Illuminate/Foundation/Application), Array, Array, NULL)
#34 D:/laragon/www/datnv2/DuAn_TN/vendor/laravel/framework/src/Illuminate/Console/Command.php(211): Illuminate/Container/Container->call(Array)
#35 D:/laragon/www/datnv2/DuAn_TN/vendor/symfony/console/Command/Command.php(326): Illuminate/Console/Command->execute(Object(Symfony/Component/Console/Input/ArgvInput), Object(Illuminate/Console/OutputStyle))
#36 D:/laragon/www/datnv2/DuAn_TN/vendor/laravel/framework/src/Illuminate/Console/Command.php(181): Symfony/Component/Console/Command/Command->run(Object(Symfony/Component/Console/Input/ArgvInput), Object(Illuminate/Console/OutputStyle))
#37 D:/laragon/www/datnv2/DuAn_TN/vendor/symfony/console/Application.php(1121): Illuminate/Console/Command->run(Object(Symfony/Component/Console/Input/ArgvInput), Object(Symfony/Component/Console/Output/ConsoleOutput))
#38 D:/laragon/www/datnv2/DuAn_TN/vendor/symfony/console/Application.php(324): Symfony/Component/Console/Application->doRunCommand(Object(Illuminate/Database/Console/Seeds/SeedCommand), Object(Symfony/Component/Console/Input/ArgvInput), Object(Symfony/Component/Console/Output/ConsoleOutput))
#39 D:/laragon/www/datnv2/DuAn_TN/vendor/symfony/console/Application.php(175): Symfony/Component/Console/Application->doRun(Object(Symfony/Component/Console/Input/ArgvInput), Object(Symfony/Component/Console/Output/ConsoleOutput))
#40 D:/laragon/www/datnv2/DuAn_TN/vendor/laravel/framework/src/Illuminate/Foundation/Console/Kernel.php(201): Symfony/Component/Console/Application->run(Object(Symfony/Component/Console/Input/ArgvInput), Object(Symfony/Component/Console/Output/ConsoleOutput))
#41 D:/laragon/www/datnv2/DuAn_TN/artisan(37): Illuminate/Foundation/Console/Kernel->handle(Object(Symfony/Component/Console/Input/ArgvInput), Object(Symfony/Component/Console/Output/ConsoleOutput))
#42 {main}

[previous exception] [object] (PDOException(code: 42S22): SQLSTATE[42S22]: Column not found: 1054 Unknown column 'name' in 'field list' at D:/laragon/www/datnv2/DuAn_TN/vendor/laravel/framework/src/Illuminate/Database/MySqlConnection.php:39)
[stacktrace]
#0 D:/laragon/www/datnv2/DuAn_TN/vendor/laravel/framework/src/Illuminate/Database/MySqlConnection.php(39): PDO->prepare('insert into `us...')
#1 D:/laragon/www/datnv2/DuAn_TN/vendor/laravel/framework/src/Illuminate/Database/Connection.php(816): Illuminate/Database/MySqlConnection->Illuminate/Database/{closure}('insert into `us...', Array)
#2 D:/laragon/www/datnv2/DuAn_TN/vendor/laravel/framework/src/Illuminate/Database/Connection.php(783): Illuminate/Database/Connection->runQueryCallback('insert into `us...', Array, Object(Closure))
#3 D:/laragon/www/datnv2/DuAn_TN/vendor/laravel/framework/src/Illuminate/Database/MySqlConnection.php(50): Illuminate/Database/Connection->run('insert into `us...', Array, Object(Closure))
#4 D:/laragon/www/datnv2/DuAn_TN/vendor/laravel/framework/src/Illuminate/Database/Query/Processors/MySqlProcessor.php(35): Illuminate/Database/MySqlConnection->insert('insert into `us...', Array, 'id')
#5 D:/laragon/www/datnv2/DuAn_TN/vendor/laravel/framework/src/Illuminate/Database/Query/Builder.php(3549): Illuminate/Database/Query/Processors/MySqlProcessor->processInsertGetId(Object(Illuminate/Database/Query/Builder), 'insert into `us...', Array, 'id')
#6 D:/laragon/www/datnv2/DuAn_TN/vendor/laravel/framework/src/Illuminate/Database/Eloquent/Builder.php(1982): Illuminate/Database/Query/Builder->insertGetId(Array, 'id')
#7 D:/laragon/www/datnv2/DuAn_TN/vendor/laravel/framework/src/Illuminate/Database/Eloquent/Model.php(1334): Illuminate/Database/Eloquent/Builder->__call('insertGetId', Array)
#8 D:/laragon/www/datnv2/DuAn_TN/vendor/laravel/framework/src/Illuminate/Database/Eloquent/Model.php(1299): Illuminate/Database/Eloquent/Model->insertAndSetId(Object(Illuminate/Database/Eloquent/Builder), Array)
#9 D:/laragon/www/datnv2/DuAn_TN/vendor/laravel/framework/src/Illuminate/Database/Eloquent/Model.php(1138): Illuminate/Database/Eloquent/Model->performInsert(Object(Illuminate/Database/Eloquent/Builder))
#10 D:/laragon/www/datnv2/DuAn_TN/vendor/laravel/framework/src/Illuminate/Database/Eloquent/Builder.php(1025): Illuminate/Database/Eloquent/Model->save()
#11 D:/laragon/www/datnv2/DuAn_TN/vendor/laravel/framework/src/Illuminate/Support/helpers.php(320): Illuminate/Database/Eloquent/Builder->Illuminate/Database/Eloquent/{closure}(Object(App/Models/User))
#12 D:/laragon/www/datnv2/DuAn_TN/vendor/laravel/framework/src/Illuminate/Database/Eloquent/Builder.php(1026): tap(Object(App/Models/User), Object(Closure))
#13 D:/laragon/www/datnv2/DuAn_TN/vendor/laravel/framework/src/Illuminate/Database/Eloquent/Builder.php(585): Illuminate/Database/Eloquent/Builder->create(Array)
#14 D:/laragon/www/datnv2/DuAn_TN/vendor/laravel/framework/src/Illuminate/Database/Eloquent/Builder.php(1728): Illuminate/Database/Eloquent/Builder->Illuminate/Database/Eloquent/{closure}()
#15 D:/laragon/www/datnv2/DuAn_TN/vendor/laravel/framework/src/Illuminate/Database/Eloquent/Builder.php(585): Illuminate/Database/Eloquent/Builder->withSavepointIfNeeded(Object(Closure))
#16 D:/laragon/www/datnv2/DuAn_TN/vendor/laravel/framework/src/Illuminate/Database/Eloquent/Builder.php(572): Illuminate/Database/Eloquent/Builder->createOrFirst(Array, Array)
#17 D:/laragon/www/datnv2/DuAn_TN/vendor/laravel/framework/src/Illuminate/Support/Traits/ForwardsCalls.php(23): Illuminate/Database/Eloquent/Builder->firstOrCreate(Array, Array)
#18 D:/laragon/www/datnv2/DuAn_TN/vendor/laravel/framework/src/Illuminate/Database/Eloquent/Model.php(2335): Illuminate/Database/Eloquent/Model->forwardCallTo(Object(Illuminate/Database/Eloquent/Builder), 'firstOrCreate', Array)
#19 D:/laragon/www/datnv2/DuAn_TN/vendor/laravel/framework/src/Illuminate/Database/Eloquent/Model.php(2347): Illuminate/Database/Eloquent/Model->__call('firstOrCreate', Array)
#20 D:/laragon/www/datnv2/DuAn_TN/database/seeders/RolesAndAdminSeeder.php(27): Illuminate/Database/Eloquent/Model::__callStatic('firstOrCreate', Array)
#21 D:/laragon/www/datnv2/DuAn_TN/vendor/laravel/framework/src/Illuminate/Container/BoundMethod.php(36): Database/Seeders/RolesAndAdminSeeder->run()
#22 D:/laragon/www/datnv2/DuAn_TN/vendor/laravel/framework/src/Illuminate/Container/Util.php(41): Illuminate/Container/BoundMethod::Illuminate/Container/{closure}()
#23 D:/laragon/www/datnv2/DuAn_TN/vendor/laravel/framework/src/Illuminate/Container/BoundMethod.php(93): Illuminate/Container/Util::unwrapIfClosure(Object(Closure))
#24 D:/laragon/www/datnv2/DuAn_TN/vendor/laravel/framework/src/Illuminate/Container/BoundMethod.php(37): Illuminate/Container/BoundMethod::callBoundMethod(Object(Illuminate/Foundation/Application), Array, Object(Closure))
#25 D:/laragon/www/datnv2/DuAn_TN/vendor/laravel/framework/src/Illuminate/Container/Container.php(662): Illuminate/Container/BoundMethod::call(Object(Illuminate/Foundation/Application), Array, Array, NULL)
#26 D:/laragon/www/datnv2/DuAn_TN/vendor/laravel/framework/src/Illuminate/Database/Seeder.php(184): Illuminate/Container/Container->call(Array, Array)
#27 D:/laragon/www/datnv2/DuAn_TN/vendor/laravel/framework/src/Illuminate/Database/Seeder.php(193): Illuminate/Database/Seeder->Illuminate/Database/{closure}()
#28 D:/laragon/www/datnv2/DuAn_TN/vendor/laravel/framework/src/Illuminate/Database/Console/Seeds/SeedCommand.php(70): Illuminate/Database/Seeder->__invoke()
#29 D:/laragon/www/datnv2/DuAn_TN/vendor/laravel/framework/src/Illuminate/Database/Eloquent/Concerns/GuardsAttributes.php(155): Illuminate/Database/Console/Seeds/SeedCommand->Illuminate/Database/Console/Seeds/{closure}()
#30 D:/laragon/www/datnv2/DuAn_TN/vendor/laravel/framework/src/Illuminate/Database/Console/Seeds/SeedCommand.php(71): Illuminate/Database/Eloquent/Model::unguarded(Object(Closure))
#31 D:/laragon/www/datnv2/DuAn_TN/vendor/laravel/framework/src/Illuminate/Container/BoundMethod.php(36): Illuminate/Database/Console/Seeds/SeedCommand->handle()
#32 D:/laragon/www/datnv2/DuAn_TN/vendor/laravel/framework/src/Illuminate/Container/Util.php(41): Illuminate/Container/BoundMethod::Illuminate/Container/{closure}()
#33 D:/laragon/www/datnv2/DuAn_TN/vendor/laravel/framework/src/Illuminate/Container/BoundMethod.php(93): Illuminate/Container/Util::unwrapIfClosure(Object(Closure))
#34 D:/laragon/www/datnv2/DuAn_TN/vendor/laravel/framework/src/Illuminate/Container/BoundMethod.php(37): Illuminate/Container/BoundMethod::callBoundMethod(Object(Illuminate/Foundation/Application), Array, Object(Closure))
#35 D:/laragon/www/datnv2/DuAn_TN/vendor/laravel/framework/src/Illuminate/Container/Container.php(662): Illuminate/Container/BoundMethod::call(Object(Illuminate/Foundation/Application), Array, Array, NULL)
#36 D:/laragon/www/datnv2/DuAn_TN/vendor/laravel/framework/src/Illuminate/Console/Command.php(211): Illuminate/Container/Container->call(Array)
#37 D:/laragon/www/datnv2/DuAn_TN/vendor/symfony/console/Command/Command.php(326): Illuminate/Console/Command->execute(Object(Symfony/Component/Console/Input/ArgvInput), Object(Illuminate/Console/OutputStyle))
#38 D:/laragon/www/datnv2/DuAn_TN/vendor/laravel/framework/src/Illuminate/Console/Command.php(181): Symfony/Component/Console/Command/Command->run(Object(Symfony/Component/Console/Input/ArgvInput), Object(Illuminate/Console/OutputStyle))
#39 D:/laragon/www/datnv2/DuAn_TN/vendor/symfony/console/Application.php(1121): Illuminate/Console/Command->run(Object(Symfony/Component/Console/Input/ArgvInput), Object(Symfony/Component/Console/Output/ConsoleOutput))
#40 D:/laragon/www/datnv2/DuAn_TN/vendor/symfony/console/Application.php(324): Symfony/Component/Console/Application->doRunCommand(Object(Illuminate/Database/Console/Seeds/SeedCommand), Object(Symfony/Component/Console/Input/ArgvInput), Object(Symfony/Component/Console/Output/ConsoleOutput))
#41 D:/laragon/www/datnv2/DuAn_TN/vendor/symfony/console/Application.php(175): Symfony/Component/Console/Application->doRun(Object(Symfony/Component/Console/Input/ArgvInput), Object(Symfony/Component/Console/Output/ConsoleOutput))
#42 D:/laragon/www/datnv2/DuAn_TN/vendor/laravel/framework/src/Illuminate/Foundation/Console/Kernel.php(201): Symfony/Component/Console/Application->run(Object(Symfony/Component/Console/Input/ArgvInput), Object(Symfony/Component/Console/Output/ConsoleOutput))
#43 D:/laragon/www/datnv2/DuAn_TN/artisan(37): Illuminate/Foundation/Console/Kernel->handle(Object(Symfony/Component/Console/Input/ArgvInput), Object(Symfony/Component/Console/Output/ConsoleOutput))
#44 {main}
"} 
[2026-05-26 05:07:20] local.ERROR: SQLSTATE[23000]: Integrity constraint violation: 1062 Duplicate entry 'admin' for key 'users.username' (Connection: mysql, SQL: insert into `users` (`email`, `username`, `display_name`, `password_hash`, `updated_at`, `created_at`) values (admin@admin.com, admin, Super Admin, $2y$12$1gd2I/.UUyIhZo8ucCYseuLH/iTCW5NRdvk9U5rrPFGmzkoEE0ui2, 2026-05-26 05:07:20, 2026-05-26 05:07:20)) {"exception":"[object] (Illuminate\\Database\\UniqueConstraintViolationException(code: 23000): SQLSTATE[23000]: Integrity constraint violation: 1062 Duplicate entry 'admin' for key 'users.username' (Connection: mysql, SQL: insert into `users` (`email`, `username`, `display_name`, `password_hash`, `updated_at`, `created_at`) values (admin@admin.com, admin, Super Admin, $2y$12$1gd2I/.UUyIhZo8ucCYseuLH/iTCW5NRdvk9U5rrPFGmzkoEE0ui2, 2026-05-26 05:07:20, 2026-05-26 05:07:20)) at D:/laragon/www/datnv2/DuAn_TN/vendor/laravel/framework/src/Illuminate/Database/Connection.php:824)
[stacktrace]
#0 D:/laragon/www/datnv2/DuAn_TN/vendor/laravel/framework/src/Illuminate/Database/Connection.php(783): Illuminate/Database/Connection->runQueryCallback('insert into `us...', Array, Object(Closure))
#1 D:/laragon/www/datnv2/DuAn_TN/vendor/laravel/framework/src/Illuminate/Database/MySqlConnection.php(50): Illuminate/Database/Connection->run('insert into `us...', Array, Object(Closure))
#2 D:/laragon/www/datnv2/DuAn_TN/vendor/laravel/framework/src/Illuminate/Database/Query/Processors/MySqlProcessor.php(35): Illuminate/Database/MySqlConnection->insert('insert into `us...', Array, 'id')
#3 D:/laragon/www/datnv2/DuAn_TN/vendor/laravel/framework/src/Illuminate/Database/Query/Builder.php(3549): Illuminate/Database/Query/Processors/MySqlProcessor->processInsertGetId(Object(Illuminate/Database/Query/Builder), 'insert into `us...', Array, 'id')
#4 D:/laragon/www/datnv2/DuAn_TN/vendor/laravel/framework/src/Illuminate/Database/Eloquent/Builder.php(1982): Illuminate/Database/Query/Builder->insertGetId(Array, 'id')
#5 D:/laragon/www/datnv2/DuAn_TN/vendor/laravel/framework/src/Illuminate/Database/Eloquent/Model.php(1334): Illuminate/Database/Eloquent/Builder->__call('insertGetId', Array)
#6 D:/laragon/www/datnv2/DuAn_TN/vendor/laravel/framework/src/Illuminate/Database/Eloquent/Model.php(1299): Illuminate/Database/Eloquent/Model->insertAndSetId(Object(Illuminate/Database/Eloquent/Builder), Array)
#7 D:/laragon/www/datnv2/DuAn_TN/vendor/laravel/framework/src/Illuminate/Database/Eloquent/Model.php(1138): Illuminate/Database/Eloquent/Model->performInsert(Object(Illuminate/Database/Eloquent/Builder))
#8 D:/laragon/www/datnv2/DuAn_TN/vendor/laravel/framework/src/Illuminate/Database/Eloquent/Builder.php(1025): Illuminate/Database/Eloquent/Model->save()
#9 D:/laragon/www/datnv2/DuAn_TN/vendor/laravel/framework/src/Illuminate/Support/helpers.php(320): Illuminate/Database/Eloquent/Builder->Illuminate/Database/Eloquent/{closure}(Object(App/Models/User))
#10 D:/laragon/www/datnv2/DuAn_TN/vendor/laravel/framework/src/Illuminate/Database/Eloquent/Builder.php(1026): tap(Object(App/Models/User), Object(Closure))
#11 D:/laragon/www/datnv2/DuAn_TN/vendor/laravel/framework/src/Illuminate/Database/Eloquent/Builder.php(585): Illuminate/Database/Eloquent/Builder->create(Array)
#12 D:/laragon/www/datnv2/DuAn_TN/vendor/laravel/framework/src/Illuminate/Database/Eloquent/Builder.php(1728): Illuminate/Database/Eloquent/Builder->Illuminate/Database/Eloquent/{closure}()
#13 D:/laragon/www/datnv2/DuAn_TN/vendor/laravel/framework/src/Illuminate/Database/Eloquent/Builder.php(585): Illuminate/Database/Eloquent/Builder->withSavepointIfNeeded(Object(Closure))
#14 D:/laragon/www/datnv2/DuAn_TN/vendor/laravel/framework/src/Illuminate/Database/Eloquent/Builder.php(572): Illuminate/Database/Eloquent/Builder->createOrFirst(Array, Array)
#15 D:/laragon/www/datnv2/DuAn_TN/vendor/laravel/framework/src/Illuminate/Support/Traits/ForwardsCalls.php(23): Illuminate/Database/Eloquent/Builder->firstOrCreate(Array, Array)
#16 D:/laragon/www/datnv2/DuAn_TN/vendor/laravel/framework/src/Illuminate/Database/Eloquent/Model.php(2335): Illuminate/Database/Eloquent/Model->forwardCallTo(Object(Illuminate/Database/Eloquent/Builder), 'firstOrCreate', Array)
#17 D:/laragon/www/datnv2/DuAn_TN/vendor/laravel/framework/src/Illuminate/Database/Eloquent/Model.php(2347): Illuminate/Database/Eloquent/Model->__call('firstOrCreate', Array)
#18 D:/laragon/www/datnv2/DuAn_TN/database/seeders/RolesAndAdminSeeder.php(28): Illuminate/Database/Eloquent/Model::__callStatic('firstOrCreate', Array)
#19 D:/laragon/www/datnv2/DuAn_TN/vendor/laravel/framework/src/Illuminate/Container/BoundMethod.php(36): Database/Seeders/RolesAndAdminSeeder->run()
#20 D:/laragon/www/datnv2/DuAn_TN/vendor/laravel/framework/src/Illuminate/Container/Util.php(41): Illuminate/Container/BoundMethod::Illuminate/Container/{closure}()
#21 D:/laragon/www/datnv2/DuAn_TN/vendor/laravel/framework/src/Illuminate/Container/BoundMethod.php(93): Illuminate/Container/Util::unwrapIfClosure(Object(Closure))
#22 D:/laragon/www/datnv2/DuAn_TN/vendor/laravel/framework/src/Illuminate/Container/BoundMethod.php(37): Illuminate/Container/BoundMethod::callBoundMethod(Object(Illuminate/Foundation/Application), Array, Object(Closure))
#23 D:/laragon/www/datnv2/DuAn_TN/vendor/laravel/framework/src/Illuminate/Container/Container.php(662): Illuminate/Container/BoundMethod::call(Object(Illuminate/Foundation/Application), Array, Array, NULL)
#24 D:/laragon/www/datnv2/DuAn_TN/vendor/laravel/framework/src/Illuminate/Database/Seeder.php(184): Illuminate/Container/Container->call(Array, Array)
#25 D:/laragon/www/datnv2/DuAn_TN/vendor/laravel/framework/src/Illuminate/Database/Seeder.php(193): Illuminate/Database/Seeder->Illuminate/Database/{closure}()
#26 D:/laragon/www/datnv2/DuAn_TN/vendor/laravel/framework/src/Illuminate/Database/Console/Seeds/SeedCommand.php(70): Illuminate/Database/Seeder->__invoke()
#27 D:/laragon/www/datnv2/DuAn_TN/vendor/laravel/framework/src/Illuminate/Database/Eloquent/Concerns/GuardsAttributes.php(155): Illuminate/Database/Console/Seeds/SeedCommand->Illuminate/Database/Console/Seeds/{closure}()
#28 D:/laragon/www/datnv2/DuAn_TN/vendor/laravel/framework/src/Illuminate/Database/Console/Seeds/SeedCommand.php(71): Illuminate/Database/Eloquent/Model::unguarded(Object(Closure))
#29 D:/laragon/www/datnv2/DuAn_TN/vendor/laravel/framework/src/Illuminate/Container/BoundMethod.php(36): Illuminate/Database/Console/Seeds/SeedCommand->handle()
#30 D:/laragon/www/datnv2/DuAn_TN/vendor/laravel/framework/src/Illuminate/Container/Util.php(41): Illuminate/Container/BoundMethod::Illuminate/Container/{closure}()
#31 D:/laragon/www/datnv2/DuAn_TN/vendor/laravel/framework/src/Illuminate/Container/BoundMethod.php(93): Illuminate/Container/Util::unwrapIfClosure(Object(Closure))
#32 D:/laragon/www/datnv2/DuAn_TN/vendor/laravel/framework/src/Illuminate/Container/BoundMethod.php(37): Illuminate/Container/BoundMethod::callBoundMethod(Object(Illuminate/Foundation/Application), Array, Object(Closure))
#33 D:/laragon/www/datnv2/DuAn_TN/vendor/laravel/framework/src/Illuminate/Container/Container.php(662): Illuminate/Container/BoundMethod::call(Object(Illuminate/Foundation/Application), Array, Array, NULL)
#34 D:/laragon/www/datnv2/DuAn_TN/vendor/laravel/framework/src/Illuminate/Console/Command.php(211): Illuminate/Container/Container->call(Array)
#35 D:/laragon/www/datnv2/DuAn_TN/vendor/symfony/console/Command/Command.php(326): Illuminate/Console/Command->execute(Object(Symfony/Component/Console/Input/ArgvInput), Object(Illuminate/Console/OutputStyle))
#36 D:/laragon/www/datnv2/DuAn_TN/vendor/laravel/framework/src/Illuminate/Console/Command.php(181): Symfony/Component/Console/Command/Command->run(Object(Symfony/Component/Console/Input/ArgvInput), Object(Illuminate/Console/OutputStyle))
#37 D:/laragon/www/datnv2/DuAn_TN/vendor/symfony/console/Application.php(1121): Illuminate/Console/Command->run(Object(Symfony/Component/Console/Input/ArgvInput), Object(Symfony/Component/Console/Output/ConsoleOutput))
#38 D:/laragon/www/datnv2/DuAn_TN/vendor/symfony/console/Application.php(324): Symfony/Component/Console/Application->doRunCommand(Object(Illuminate/Database/Console/Seeds/SeedCommand), Object(Symfony/Component/Console/Input/ArgvInput), Object(Symfony/Component/Console/Output/ConsoleOutput))
#39 D:/laragon/www/datnv2/DuAn_TN/vendor/symfony/console/Application.php(175): Symfony/Component/Console/Application->doRun(Object(Symfony/Component/Console/Input/ArgvInput), Object(Symfony/Component/Console/Output/ConsoleOutput))
#40 D:/laragon/www/datnv2/DuAn_TN/vendor/laravel/framework/src/Illuminate/Foundation/Console/Kernel.php(201): Symfony/Component/Console/Application->run(Object(Symfony/Component/Console/Input/ArgvInput), Object(Symfony/Component/Console/Output/ConsoleOutput))
#41 D:/laragon/www/datnv2/DuAn_TN/artisan(37): Illuminate/Foundation/Console/Kernel->handle(Object(Symfony/Component/Console/Input/ArgvInput), Object(Symfony/Component/Console/Output/ConsoleOutput))
#42 {main}

[previous exception] [object] (PDOException(code: 23000): SQLSTATE[23000]: Integrity constraint violation: 1062 Duplicate entry 'admin' for key 'users.username' at D:/laragon/www/datnv2/DuAn_TN/vendor/laravel/framework/src/Illuminate/Database/MySqlConnection.php:45)
[stacktrace]
#0 D:/laragon/www/datnv2/DuAn_TN/vendor/laravel/framework/src/Illuminate/Database/MySqlConnection.php(45): PDOStatement->execute()
#1 D:/laragon/www/datnv2/DuAn_TN/vendor/laravel/framework/src/Illuminate/Database/Connection.php(816): Illuminate/Database/MySqlConnection->Illuminate/Database/{closure}('insert into `us...', Array)
#2 D:/laragon/www/datnv2/DuAn_TN/vendor/laravel/framework/src/Illuminate/Database/Connection.php(783): Illuminate/Database/Connection->runQueryCallback('insert into `us...', Array, Object(Closure))
#3 D:/laragon/www/datnv2/DuAn_TN/vendor/laravel/framework/src/Illuminate/Database/MySqlConnection.php(50): Illuminate/Database/Connection->run('insert into `us...', Array, Object(Closure))
#4 D:/laragon/www/datnv2/DuAn_TN/vendor/laravel/framework/src/Illuminate/Database/Query/Processors/MySqlProcessor.php(35): Illuminate/Database/MySqlConnection->insert('insert into `us...', Array, 'id')
#5 D:/laragon/www/datnv2/DuAn_TN/vendor/laravel/framework/src/Illuminate/Database/Query/Builder.php(3549): Illuminate/Database/Query/Processors/MySqlProcessor->processInsertGetId(Object(Illuminate/Database/Query/Builder), 'insert into `us...', Array, 'id')
#6 D:/laragon/www/datnv2/DuAn_TN/vendor/laravel/framework/src/Illuminate/Database/Eloquent/Builder.php(1982): Illuminate/Database/Query/Builder->insertGetId(Array, 'id')
#7 D:/laragon/www/datnv2/DuAn_TN/vendor/laravel/framework/src/Illuminate/Database/Eloquent/Model.php(1334): Illuminate/Database/Eloquent/Builder->__call('insertGetId', Array)
#8 D:/laragon/www/datnv2/DuAn_TN/vendor/laravel/framework/src/Illuminate/Database/Eloquent/Model.php(1299): Illuminate/Database/Eloquent/Model->insertAndSetId(Object(Illuminate/Database/Eloquent/Builder), Array)
#9 D:/laragon/www/datnv2/DuAn_TN/vendor/laravel/framework/src/Illuminate/Database/Eloquent/Model.php(1138): Illuminate/Database/Eloquent/Model->performInsert(Object(Illuminate/Database/Eloquent/Builder))
#10 D:/laragon/www/datnv2/DuAn_TN/vendor/laravel/framework/src/Illuminate/Database/Eloquent/Builder.php(1025): Illuminate/Database/Eloquent/Model->save()
#11 D:/laragon/www/datnv2/DuAn_TN/vendor/laravel/framework/src/Illuminate/Support/helpers.php(320): Illuminate/Database/Eloquent/Builder->Illuminate/Database/Eloquent/{closure}(Object(App/Models/User))
#12 D:/laragon/www/datnv2/DuAn_TN/vendor/laravel/framework/src/Illuminate/Database/Eloquent/Builder.php(1026): tap(Object(App/Models/User), Object(Closure))
#13 D:/laragon/www/datnv2/DuAn_TN/vendor/laravel/framework/src/Illuminate/Database/Eloquent/Builder.php(585): Illuminate/Database/Eloquent/Builder->create(Array)
#14 D:/laragon/www/datnv2/DuAn_TN/vendor/laravel/framework/src/Illuminate/Database/Eloquent/Builder.php(1728): Illuminate/Database/Eloquent/Builder->Illuminate/Database/Eloquent/{closure}()
#15 D:/laragon/www/datnv2/DuAn_TN/vendor/laravel/framework/src/Illuminate/Database/Eloquent/Builder.php(585): Illuminate/Database/Eloquent/Builder->withSavepointIfNeeded(Object(Closure))
#16 D:/laragon/www/datnv2/DuAn_TN/vendor/laravel/framework/src/Illuminate/Database/Eloquent/Builder.php(572): Illuminate/Database/Eloquent/Builder->createOrFirst(Array, Array)
#17 D:/laragon/www/datnv2/DuAn_TN/vendor/laravel/framework/src/Illuminate/Support/Traits/ForwardsCalls.php(23): Illuminate/Database/Eloquent/Builder->firstOrCreate(Array, Array)
#18 D:/laragon/www/datnv2/DuAn_TN/vendor/laravel/framework/src/Illuminate/Database/Eloquent/Model.php(2335): Illuminate/Database/Eloquent/Model->forwardCallTo(Object(Illuminate/Database/Eloquent/Builder), 'firstOrCreate', Array)
#19 D:/laragon/www/datnv2/DuAn_TN/vendor/laravel/framework/src/Illuminate/Database/Eloquent/Model.php(2347): Illuminate/Database/Eloquent/Model->__call('firstOrCreate', Array)
#20 D:/laragon/www/datnv2/DuAn_TN/database/seeders/RolesAndAdminSeeder.php(28): Illuminate/Database/Eloquent/Model::__callStatic('firstOrCreate', Array)
#21 D:/laragon/www/datnv2/DuAn_TN/vendor/laravel/framework/src/Illuminate/Container/BoundMethod.php(36): Database/Seeders/RolesAndAdminSeeder->run()
#22 D:/laragon/www/datnv2/DuAn_TN/vendor/laravel/framework/src/Illuminate/Container/Util.php(41): Illuminate/Container/BoundMethod::Illuminate/Container/{closure}()
#23 D:/laragon/www/datnv2/DuAn_TN/vendor/laravel/framework/src/Illuminate/Container/BoundMethod.php(93): Illuminate/Container/Util::unwrapIfClosure(Object(Closure))
#24 D:/laragon/www/datnv2/DuAn_TN/vendor/laravel/framework/src/Illuminate/Container/BoundMethod.php(37): Illuminate/Container/BoundMethod::callBoundMethod(Object(Illuminate/Foundation/Application), Array, Object(Closure))
#25 D:/laragon/www/datnv2/DuAn_TN/vendor/laravel/framework/src/Illuminate/Container/Container.php(662): Illuminate/Container/BoundMethod::call(Object(Illuminate/Foundation/Application), Array, Array, NULL)
#26 D:/laragon/www/datnv2/DuAn_TN/vendor/laravel/framework/src/Illuminate/Database/Seeder.php(184): Illuminate/Container/Container->call(Array, Array)
#27 D:/laragon/www/datnv2/DuAn_TN/vendor/laravel/framework/src/Illuminate/Database/Seeder.php(193): Illuminate/Database/Seeder->Illuminate/Database/{closure}()
#28 D:/laragon/www/datnv2/DuAn_TN/vendor/laravel/framework/src/Illuminate/Database/Console/Seeds/SeedCommand.php(70): Illuminate/Database/Seeder->__invoke()
#29 D:/laragon/www/datnv2/DuAn_TN/vendor/laravel/framework/src/Illuminate/Database/Eloquent/Concerns/GuardsAttributes.php(155): Illuminate/Database/Console/Seeds/SeedCommand->Illuminate/Database/Console/Seeds/{closure}()
#30 D:/laragon/www/datnv2/DuAn_TN/vendor/laravel/framework/src/Illuminate/Database/Console/Seeds/SeedCommand.php(71): Illuminate/Database/Eloquent/Model::unguarded(Object(Closure))
#31 D:/laragon/www/datnv2/DuAn_TN/vendor/laravel/framework/src/Illuminate/Container/BoundMethod.php(36): Illuminate/Database/Console/Seeds/SeedCommand->handle()
#32 D:/laragon/www/datnv2/DuAn_TN/vendor/laravel/framework/src/Illuminate/Container/Util.php(41): Illuminate/Container/BoundMethod::Illuminate/Container/{closure}()
#33 D:/laragon/www/datnv2/DuAn_TN/vendor/laravel/framework/src/Illuminate/Container/BoundMethod.php(93): Illuminate/Container/Util::unwrapIfClosure(Object(Closure))
#34 D:/laragon/www/datnv2/DuAn_TN/vendor/laravel/framework/src/Illuminate/Container/BoundMethod.php(37): Illuminate/Container/BoundMethod::callBoundMethod(Object(Illuminate/Foundation/Application), Array, Object(Closure))
#35 D:/laragon/www/datnv2/DuAn_TN/vendor/laravel/framework/src/Illuminate/Container/Container.php(662): Illuminate/Container/BoundMethod::call(Object(Illuminate/Foundation/Application), Array, Array, NULL)
#36 D:/laragon/www/datnv2/DuAn_TN/vendor/laravel/framework/src/Illuminate/Console/Command.php(211): Illuminate/Container/Container->call(Array)
#37 D:/laragon/www/datnv2/DuAn_TN/vendor/symfony/console/Command/Command.php(326): Illuminate/Console/Command->execute(Object(Symfony/Component/Console/Input/ArgvInput), Object(Illuminate/Console/OutputStyle))
#38 D:/laragon/www/datnv2/DuAn_TN/vendor/laravel/framework/src/Illuminate/Console/Command.php(181): Symfony/Component/Console/Command/Command->run(Object(Symfony/Component/Console/Input/ArgvInput), Object(Illuminate/Console/OutputStyle))
#39 D:/laragon/www/datnv2/DuAn_TN/vendor/symfony/console/Application.php(1121): Illuminate/Console/Command->run(Object(Symfony/Component/Console/Input/ArgvInput), Object(Symfony/Component/Console/Output/ConsoleOutput))
#40 D:/laragon/www/datnv2/DuAn_TN/vendor/symfony/console/Application.php(324): Symfony/Component/Console/Application->doRunCommand(Object(Illuminate/Database/Console/Seeds/SeedCommand), Object(Symfony/Component/Console/Input/ArgvInput), Object(Symfony/Component/Console/Output/ConsoleOutput))
#41 D:/laragon/www/datnv2/DuAn_TN/vendor/symfony/console/Application.php(175): Symfony/Component/Console/Application->doRun(Object(Symfony/Component/Console/Input/ArgvInput), Object(Symfony/Component/Console/Output/ConsoleOutput))
#42 D:/laragon/www/datnv2/DuAn_TN/vendor/laravel/framework/src/Illuminate/Foundation/Console/Kernel.php(201): Symfony/Component/Console/Application->run(Object(Symfony/Component/Console/Input/ArgvInput), Object(Symfony/Component/Console/Output/ConsoleOutput))
#43 D:/laragon/www/datnv2/DuAn_TN/artisan(37): Illuminate/Foundation/Console/Kernel->handle(Object(Symfony/Component/Console/Input/ArgvInput), Object(Symfony/Component/Console/Output/ConsoleOutput))
#44 {main}
"} 
[2026-05-26 05:43:55] local.ERROR: This password does not use the Bcrypt algorithm. {"exception":"[object] (RuntimeException(code: 0): This password does not use the Bcrypt algorithm. at D:/laragon/www/datnv2/DuAn_TN/vendor/laravel/framework/src/Illuminate/Hashing/BcryptHasher.php:71)
[stacktrace]
#0 D:/laragon/www/datnv2/DuAn_TN/vendor/laravel/framework/src/Illuminate/Hashing/HashManager.php(76): Illuminate/Hashing/BcryptHasher->check('password', NULL, Array)
#1 D:/laragon/www/datnv2/DuAn_TN/vendor/laravel/framework/src/Illuminate/Auth/EloquentUserProvider.php(155): Illuminate/Hashing/HashManager->check('password', NULL)
#2 D:/laragon/www/datnv2/DuAn_TN/vendor/laravel/framework/src/Illuminate/Auth/SessionGuard.php(438): Illuminate/Auth/EloquentUserProvider->validateCredentials(Object(App/Models/User), Array)
#3 D:/laragon/www/datnv2/DuAn_TN/vendor/laravel/framework/src/Illuminate/Support/Timebox.php(32): Illuminate/Auth/SessionGuard->Illuminate/Auth/{closure}(Object(Illuminate/Support/Timebox))
#4 D:/laragon/www/datnv2/DuAn_TN/vendor/laravel/framework/src/Illuminate/Auth/SessionGuard.php(447): Illuminate/Support/Timebox->call(Object(Closure), 200000)
#5 D:/laragon/www/datnv2/DuAn_TN/vendor/laravel/framework/src/Illuminate/Auth/SessionGuard.php(386): Illuminate/Auth/SessionGuard->hasValidCredentials(Object(App/Models/User), Array)
#6 D:/laragon/www/datnv2/DuAn_TN/vendor/filament/filament/src/Pages/Auth/Login.php(65): Illuminate/Auth/SessionGuard->attempt(Array, false)
#7 D:/laragon/www/datnv2/DuAn_TN/vendor/laravel/framework/src/Illuminate/Container/BoundMethod.php(36): Filament/Pages/Auth/Login->authenticate()
#8 D:/laragon/www/datnv2/DuAn_TN/vendor/laravel/framework/src/Illuminate/Container/Util.php(41): Illuminate/Container/BoundMethod::Illuminate/Container/{closure}()
#9 D:/laragon/www/datnv2/DuAn_TN/vendor/laravel/framework/src/Illuminate/Container/BoundMethod.php(93): Illuminate/Container/Util::unwrapIfClosure(Object(Closure))
#10 D:/laragon/www/datnv2/DuAn_TN/vendor/laravel/framework/src/Illuminate/Container/BoundMethod.php(37): Illuminate/Container/BoundMethod::callBoundMethod(Object(Illuminate/Foundation/Application), Array, Object(Closure))
#11 D:/laragon/www/datnv2/DuAn_TN/vendor/livewire/livewire/src/Wrapped.php(23): Illuminate/Container/BoundMethod::call(Object(Illuminate/Foundation/Application), Array, Array)
#12 D:/laragon/www/datnv2/DuAn_TN/vendor/livewire/livewire/src/Mechanisms/HandleComponents/HandleComponents.php(515): Livewire/Wrapped->__call('authenticate', Array)
#13 D:/laragon/www/datnv2/DuAn_TN/vendor/livewire/livewire/src/Mechanisms/HandleComponents/HandleComponents.php(124): Livewire/Mechanisms/HandleComponents/HandleComponents->callMethods(Object(Filament/Pages/Auth/Login), Array, Object(Livewire/Mechanisms/HandleComponents/ComponentContext))
#14 D:/laragon/www/datnv2/DuAn_TN/vendor/livewire/livewire/src/LivewireManager.php(102): Livewire/Mechanisms/HandleComponents/HandleComponents->update(Array, Array, Array)
#15 D:/laragon/www/datnv2/DuAn_TN/vendor/livewire/livewire/src/Mechanisms/HandleRequests/HandleRequests.php(144): Livewire/LivewireManager->update(Array, Array, Array)
#16 D:/laragon/www/datnv2/DuAn_TN/vendor/laravel/framework/src/Illuminate/Routing/ControllerDispatcher.php(46): Livewire/Mechanisms/HandleRequests/HandleRequests->handleUpdate()
#17 D:/laragon/www/datnv2/DuAn_TN/vendor/laravel/framework/src/Illuminate/Routing/Route.php(260): Illuminate/Routing/ControllerDispatcher->dispatch(Object(Illuminate/Routing/Route), Object(Livewire/Mechanisms/HandleRequests/HandleRequests), 'handleUpdate')
#18 D:/laragon/www/datnv2/DuAn_TN/vendor/laravel/framework/src/Illuminate/Routing/Route.php(205): Illuminate/Routing/Route->runController()
#19 D:/laragon/www/datnv2/DuAn_TN/vendor/laravel/framework/src/Illuminate/Routing/Router.php(806): Illuminate/Routing/Route->run()
#20 D:/laragon/www/datnv2/DuAn_TN/vendor/laravel/framework/src/Illuminate/Pipeline/Pipeline.php(144): Illuminate/Routing/Router->Illuminate/Routing/{closure}(Object(Illuminate/Http/Request))
#21 D:/laragon/www/datnv2/DuAn_TN/vendor/laravel/framework/src/Illuminate/Routing/Middleware/SubstituteBindings.php(50): Illuminate/Pipeline/Pipeline->Illuminate/Pipeline/{closure}(Object(Illuminate/Http/Request))
#22 D:/laragon/www/datnv2/DuAn_TN/vendor/laravel/framework/src/Illuminate/Pipeline/Pipeline.php(183): Illuminate/Routing/Middleware/SubstituteBindings->handle(Object(Illuminate/Http/Request), Object(Closure))
#23 D:/laragon/www/datnv2/DuAn_TN/vendor/laravel/framework/src/Illuminate/Foundation/Http/Middleware/VerifyCsrfToken.php(78): Illuminate/Pipeline/Pipeline->Illuminate/Pipeline/{closure}(Object(Illuminate/Http/Request))
#24 D:/laragon/www/datnv2/DuAn_TN/vendor/laravel/framework/src/Illuminate/Pipeline/Pipeline.php(183): Illuminate/Foundation/Http/Middleware/VerifyCsrfToken->handle(Object(Illuminate/Http/Request), Object(Closure))
#25 D:/laragon/www/datnv2/DuAn_TN/vendor/laravel/framework/src/Illuminate/View/Middleware/ShareErrorsFromSession.php(49): Illuminate/Pipeline/Pipeline->Illuminate/Pipeline/{closure}(Object(Illuminate/Http/Request))
#26 D:/laragon/www/datnv2/DuAn_TN/vendor/laravel/framework/src/Illuminate/Pipeline/Pipeline.php(183): Illuminate/View/Middleware/ShareErrorsFromSession->handle(Object(Illuminate/Http/Request), Object(Closure))
#27 D:/laragon/www/datnv2/DuAn_TN/vendor/laravel/framework/src/Illuminate/Session/Middleware/StartSession.php(121): Illuminate/Pipeline/Pipeline->Illuminate/Pipeline/{closure}(Object(Illuminate/Http/Request))
#28 D:/laragon/www/datnv2/DuAn_TN/vendor/laravel/framework/src/Illuminate/Session/Middleware/StartSession.php(64): Illuminate/Session/Middleware/StartSession->handleStatefulRequest(Object(Illuminate/Http/Request), Object(Illuminate/Session/Store), Object(Closure))
#29 D:/laragon/www/datnv2/DuAn_TN/vendor/laravel/framework/src/Illuminate/Pipeline/Pipeline.php(183): Illuminate/Session/Middleware/StartSession->handle(Object(Illuminate/Http/Request), Object(Closure))
#30 D:/laragon/www/datnv2/DuAn_TN/vendor/laravel/framework/src/Illuminate/Cookie/Middleware/AddQueuedCookiesToResponse.php(37): Illuminate/Pipeline/Pipeline->Illuminate/Pipeline/{closure}(Object(Illuminate/Http/Request))
#31 D:/laragon/www/datnv2/DuAn_TN/vendor/laravel/framework/src/Illuminate/Pipeline/Pipeline.php(183): Illuminate/Cookie/Middleware/AddQueuedCookiesToResponse->handle(Object(Illuminate/Http/Request), Object(Closure))
#32 D:/laragon/www/datnv2/DuAn_TN/vendor/laravel/framework/src/Illuminate/Cookie/Middleware/EncryptCookies.php(67): Illuminate/Pipeline/Pipeline->Illuminate/Pipeline/{closure}(Object(Illuminate/Http/Request))
#33 D:/laragon/www/datnv2/DuAn_TN/vendor/laravel/framework/src/Illuminate/Pipeline/Pipeline.php(183): Illuminate/Cookie/Middleware/EncryptCookies->handle(Object(Illuminate/Http/Request), Object(Closure))
#34 D:/laragon/www/datnv2/DuAn_TN/vendor/laravel/framework/src/Illuminate/Pipeline/Pipeline.php(119): Illuminate/Pipeline/Pipeline->Illuminate/Pipeline/{closure}(Object(Illuminate/Http/Request))
#35 D:/laragon/www/datnv2/DuAn_TN/vendor/laravel/framework/src/Illuminate/Routing/Router.php(807): Illuminate/Pipeline/Pipeline->then(Object(Closure))
#36 D:/laragon/www/datnv2/DuAn_TN/vendor/laravel/framework/src/Illuminate/Routing/Router.php(784): Illuminate/Routing/Router->runRouteWithinStack(Object(Illuminate/Routing/Route), Object(Illuminate/Http/Request))
#37 D:/laragon/www/datnv2/DuAn_TN/vendor/laravel/framework/src/Illuminate/Routing/Router.php(748): Illuminate/Routing/Router->runRoute(Object(Illuminate/Http/Request), Object(Illuminate/Routing/Route))
#38 D:/laragon/www/datnv2/DuAn_TN/vendor/laravel/framework/src/Illuminate/Routing/Router.php(737): Illuminate/Routing/Router->dispatchToRoute(Object(Illuminate/Http/Request))
#39 D:/laragon/www/datnv2/DuAn_TN/vendor/laravel/framework/src/Illuminate/Foundation/Http/Kernel.php(200): Illuminate/Routing/Router->dispatch(Object(Illuminate/Http/Request))
#40 D:/laragon/www/datnv2/DuAn_TN/vendor/laravel/framework/src/Illuminate/Pipeline/Pipeline.php(144): Illuminate/Foundation/Http/Kernel->Illuminate/Foundation/Http/{closure}(Object(Illuminate/Http/Request))
#41 D:/laragon/www/datnv2/DuAn_TN/vendor/livewire/livewire/src/Features/SupportDisablingBackButtonCache/DisableBackButtonCacheMiddleware.php(19): Illuminate/Pipeline/Pipeline->Illuminate/Pipeline/{closure}(Object(Illuminate/Http/Request))
#42 D:/laragon/www/datnv2/DuAn_TN/vendor/laravel/framework/src/Illuminate/Pipeline/Pipeline.php(183): Livewire/Features/SupportDisablingBackButtonCache/DisableBackButtonCacheMiddleware->handle(Object(Illuminate/Http/Request), Object(Closure))
#43 D:/laragon/www/datnv2/DuAn_TN/vendor/laravel/framework/src/Illuminate/Foundation/Http/Middleware/ConvertEmptyStringsToNull.php(27): Illuminate/Pipeline/Pipeline->Illuminate/Pipeline/{closure}(Object(Illuminate/Http/Request))
#44 D:/laragon/www/datnv2/DuAn_TN/vendor/laravel/framework/src/Illuminate/Pipeline/Pipeline.php(183): Illuminate/Foundation/Http/Middleware/ConvertEmptyStringsToNull->handle(Object(Illuminate/Http/Request), Object(Closure))
#45 D:/laragon/www/datnv2/DuAn_TN/vendor/laravel/framework/src/Illuminate/Foundation/Http/Middleware/TrimStrings.php(36): Illuminate/Pipeline/Pipeline->Illuminate/Pipeline/{closure}(Object(Illuminate/Http/Request))
#46 D:/laragon/www/datnv2/DuAn_TN/vendor/laravel/framework/src/Illuminate/Pipeline/Pipeline.php(183): Illuminate/Foundation/Http/Middleware/TrimStrings->handle(Object(Illuminate/Http/Request), Object(Closure))
#47 D:/laragon/www/datnv2/DuAn_TN/vendor/laravel/framework/src/Illuminate/Foundation/Http/Middleware/ValidatePostSize.php(27): Illuminate/Pipeline/Pipeline->Illuminate/Pipeline/{closure}(Object(Illuminate/Http/Request))
#48 D:/laragon/www/datnv2/DuAn_TN/vendor/laravel/framework/src/Illuminate/Pipeline/Pipeline.php(183): Illuminate/Foundation/Http/Middleware/ValidatePostSize->handle(Object(Illuminate/Http/Request), Object(Closure))
#49 D:/laragon/www/datnv2/DuAn_TN/vendor/laravel/framework/src/Illuminate/Foundation/Http/Middleware/PreventRequestsDuringMaintenance.php(99): Illuminate/Pipeline/Pipeline->Illuminate/Pipeline/{closure}(Object(Illuminate/Http/Request))
#50 D:/laragon/www/datnv2/DuAn_TN/vendor/laravel/framework/src/Illuminate/Pipeline/Pipeline.php(183): Illuminate/Foundation/Http/Middleware/PreventRequestsDuringMaintenance->handle(Object(Illuminate/Http/Request), Object(Closure))
#51 D:/laragon/www/datnv2/DuAn_TN/vendor/laravel/framework/src/Illuminate/Http/Middleware/HandleCors.php(49): Illuminate/Pipeline/Pipeline->Illuminate/Pipeline/{closure}(Object(Illuminate/Http/Request))
#52 D:/laragon/www/datnv2/DuAn_TN/vendor/laravel/framework/src/Illuminate/Pipeline/Pipeline.php(183): Illuminate/Http/Middleware/HandleCors->handle(Object(Illuminate/Http/Request), Object(Closure))
#53 D:/laragon/www/datnv2/DuAn_TN/vendor/laravel/framework/src/Illuminate/Http/Middleware/TrustProxies.php(39): Illuminate/Pipeline/Pipeline->Illuminate/Pipeline/{closure}(Object(Illuminate/Http/Request))
#54 D:/laragon/www/datnv2/DuAn_TN/vendor/laravel/framework/src/Illuminate/Pipeline/Pipeline.php(183): Illuminate/Http/Middleware/TrustProxies->handle(Object(Illuminate/Http/Request), Object(Closure))
#55 D:/laragon/www/datnv2/DuAn_TN/vendor/laravel/framework/src/Illuminate/Pipeline/Pipeline.php(119): Illuminate/Pipeline/Pipeline->Illuminate/Pipeline/{closure}(Object(Illuminate/Http/Request))
#56 D:/laragon/www/datnv2/DuAn_TN/vendor/laravel/framework/src/Illuminate/Foundation/Http/Kernel.php(175): Illuminate/Pipeline/Pipeline->then(Object(Closure))
#57 D:/laragon/www/datnv2/DuAn_TN/vendor/laravel/framework/src/Illuminate/Foundation/Http/Kernel.php(144): Illuminate/Foundation/Http/Kernel->sendRequestThroughRouter(Object(Illuminate/Http/Request))
#58 D:/laragon/www/datnv2/DuAn_TN/public/index.php(52): Illuminate/Foundation/Http/Kernel->handle(Object(Illuminate/Http/Request))
#59 D:/laragon/www/datnv2/DuAn_TN/vendor/laravel/framework/src/Illuminate/Foundation/resources/server.php(16): require_once('D://laragon//www//...')
#60 {main}
"} 
[2026-05-26 05:45:14] local.ERROR: This password does not use the Bcrypt algorithm. {"exception":"[object] (RuntimeException(code: 0): This password does not use the Bcrypt algorithm. at D:/laragon/www/datnv2/DuAn_TN/vendor/laravel/framework/src/Illuminate/Hashing/BcryptHasher.php:71)
[stacktrace]
#0 D:/laragon/www/datnv2/DuAn_TN/vendor/laravel/framework/src/Illuminate/Hashing/HashManager.php(76): Illuminate/Hashing/BcryptHasher->check('password', NULL, Array)
#1 D:/laragon/www/datnv2/DuAn_TN/vendor/laravel/framework/src/Illuminate/Auth/EloquentUserProvider.php(155): Illuminate/Hashing/HashManager->check('password', NULL)
#2 D:/laragon/www/datnv2/DuAn_TN/vendor/laravel/framework/src/Illuminate/Auth/SessionGuard.php(438): Illuminate/Auth/EloquentUserProvider->validateCredentials(Object(App/Models/User), Array)
#3 D:/laragon/www/datnv2/DuAn_TN/vendor/laravel/framework/src/Illuminate/Support/Timebox.php(32): Illuminate/Auth/SessionGuard->Illuminate/Auth/{closure}(Object(Illuminate/Support/Timebox))
#4 D:/laragon/www/datnv2/DuAn_TN/vendor/laravel/framework/src/Illuminate/Auth/SessionGuard.php(447): Illuminate/Support/Timebox->call(Object(Closure), 200000)
#5 D:/laragon/www/datnv2/DuAn_TN/vendor/laravel/framework/src/Illuminate/Auth/SessionGuard.php(386): Illuminate/Auth/SessionGuard->hasValidCredentials(Object(App/Models/User), Array)
#6 D:/laragon/www/datnv2/DuAn_TN/vendor/filament/filament/src/Pages/Auth/Login.php(65): Illuminate/Auth/SessionGuard->attempt(Array, false)
#7 D:/laragon/www/datnv2/DuAn_TN/vendor/laravel/framework/src/Illuminate/Container/BoundMethod.php(36): Filament/Pages/Auth/Login->authenticate()
#8 D:/laragon/www/datnv2/DuAn_TN/vendor/laravel/framework/src/Illuminate/Container/Util.php(41): Illuminate/Container/BoundMethod::Illuminate/Container/{closure}()
#9 D:/laragon/www/datnv2/DuAn_TN/vendor/laravel/framework/src/Illuminate/Container/BoundMethod.php(93): Illuminate/Container/Util::unwrapIfClosure(Object(Closure))
#10 D:/laragon/www/datnv2/DuAn_TN/vendor/laravel/framework/src/Illuminate/Container/BoundMethod.php(37): Illuminate/Container/BoundMethod::callBoundMethod(Object(Illuminate/Foundation/Application), Array, Object(Closure))
#11 D:/laragon/www/datnv2/DuAn_TN/vendor/livewire/livewire/src/Wrapped.php(23): Illuminate/Container/BoundMethod::call(Object(Illuminate/Foundation/Application), Array, Array)
#12 D:/laragon/www/datnv2/DuAn_TN/vendor/livewire/livewire/src/Mechanisms/HandleComponents/HandleComponents.php(515): Livewire/Wrapped->__call('authenticate', Array)
#13 D:/laragon/www/datnv2/DuAn_TN/vendor/livewire/livewire/src/Mechanisms/HandleComponents/HandleComponents.php(124): Livewire/Mechanisms/HandleComponents/HandleComponents->callMethods(Object(Filament/Pages/Auth/Login), Array, Object(Livewire/Mechanisms/HandleComponents/ComponentContext))
#14 D:/laragon/www/datnv2/DuAn_TN/vendor/livewire/livewire/src/LivewireManager.php(102): Livewire/Mechanisms/HandleComponents/HandleComponents->update(Array, Array, Array)
#15 D:/laragon/www/datnv2/DuAn_TN/vendor/livewire/livewire/src/Mechanisms/HandleRequests/HandleRequests.php(144): Livewire/LivewireManager->update(Array, Array, Array)
#16 D:/laragon/www/datnv2/DuAn_TN/vendor/laravel/framework/src/Illuminate/Routing/ControllerDispatcher.php(46): Livewire/Mechanisms/HandleRequests/HandleRequests->handleUpdate()
#17 D:/laragon/www/datnv2/DuAn_TN/vendor/laravel/framework/src/Illuminate/Routing/Route.php(260): Illuminate/Routing/ControllerDispatcher->dispatch(Object(Illuminate/Routing/Route), Object(Livewire/Mechanisms/HandleRequests/HandleRequests), 'handleUpdate')
#18 D:/laragon/www/datnv2/DuAn_TN/vendor/laravel/framework/src/Illuminate/Routing/Route.php(205): Illuminate/Routing/Route->runController()
#19 D:/laragon/www/datnv2/DuAn_TN/vendor/laravel/framework/src/Illuminate/Routing/Router.php(806): Illuminate/Routing/Route->run()
#20 D:/laragon/www/datnv2/DuAn_TN/vendor/laravel/framework/src/Illuminate/Pipeline/Pipeline.php(144): Illuminate/Routing/Router->Illuminate/Routing/{closure}(Object(Illuminate/Http/Request))
#21 D:/laragon/www/datnv2/DuAn_TN/vendor/laravel/framework/src/Illuminate/Routing/Middleware/SubstituteBindings.php(50): Illuminate/Pipeline/Pipeline->Illuminate/Pipeline/{closure}(Object(Illuminate/Http/Request))
#22 D:/laragon/www/datnv2/DuAn_TN/vendor/laravel/framework/src/Illuminate/Pipeline/Pipeline.php(183): Illuminate/Routing/Middleware/SubstituteBindings->handle(Object(Illuminate/Http/Request), Object(Closure))
#23 D:/laragon/www/datnv2/DuAn_TN/vendor/laravel/framework/src/Illuminate/Foundation/Http/Middleware/VerifyCsrfToken.php(78): Illuminate/Pipeline/Pipeline->Illuminate/Pipeline/{closure}(Object(Illuminate/Http/Request))
#24 D:/laragon/www/datnv2/DuAn_TN/vendor/laravel/framework/src/Illuminate/Pipeline/Pipeline.php(183): Illuminate/Foundation/Http/Middleware/VerifyCsrfToken->handle(Object(Illuminate/Http/Request), Object(Closure))
#25 D:/laragon/www/datnv2/DuAn_TN/vendor/laravel/framework/src/Illuminate/View/Middleware/ShareErrorsFromSession.php(49): Illuminate/Pipeline/Pipeline->Illuminate/Pipeline/{closure}(Object(Illuminate/Http/Request))
#26 D:/laragon/www/datnv2/DuAn_TN/vendor/laravel/framework/src/Illuminate/Pipeline/Pipeline.php(183): Illuminate/View/Middleware/ShareErrorsFromSession->handle(Object(Illuminate/Http/Request), Object(Closure))
#27 D:/laragon/www/datnv2/DuAn_TN/vendor/laravel/framework/src/Illuminate/Session/Middleware/StartSession.php(121): Illuminate/Pipeline/Pipeline->Illuminate/Pipeline/{closure}(Object(Illuminate/Http/Request))
#28 D:/laragon/www/datnv2/DuAn_TN/vendor/laravel/framework/src/Illuminate/Session/Middleware/StartSession.php(64): Illuminate/Session/Middleware/StartSession->handleStatefulRequest(Object(Illuminate/Http/Request), Object(Illuminate/Session/Store), Object(Closure))
#29 D:/laragon/www/datnv2/DuAn_TN/vendor/laravel/framework/src/Illuminate/Pipeline/Pipeline.php(183): Illuminate/Session/Middleware/StartSession->handle(Object(Illuminate/Http/Request), Object(Closure))
#30 D:/laragon/www/datnv2/DuAn_TN/vendor/laravel/framework/src/Illuminate/Cookie/Middleware/AddQueuedCookiesToResponse.php(37): Illuminate/Pipeline/Pipeline->Illuminate/Pipeline/{closure}(Object(Illuminate/Http/Request))
#31 D:/laragon/www/datnv2/DuAn_TN/vendor/laravel/framework/src/Illuminate/Pipeline/Pipeline.php(183): Illuminate/Cookie/Middleware/AddQueuedCookiesToResponse->handle(Object(Illuminate/Http/Request), Object(Closure))
#32 D:/laragon/www/datnv2/DuAn_TN/vendor/laravel/framework/src/Illuminate/Cookie/Middleware/EncryptCookies.php(67): Illuminate/Pipeline/Pipeline->Illuminate/Pipeline/{closure}(Object(Illuminate/Http/Request))
#33 D:/laragon/www/datnv2/DuAn_TN/vendor/laravel/framework/src/Illuminate/Pipeline/Pipeline.php(183): Illuminate/Cookie/Middleware/EncryptCookies->handle(Object(Illuminate/Http/Request), Object(Closure))
#34 D:/laragon/www/datnv2/DuAn_TN/vendor/laravel/framework/src/Illuminate/Pipeline/Pipeline.php(119): Illuminate/Pipeline/Pipeline->Illuminate/Pipeline/{closure}(Object(Illuminate/Http/Request))
#35 D:/laragon/www/datnv2/DuAn_TN/vendor/laravel/framework/src/Illuminate/Routing/Router.php(807): Illuminate/Pipeline/Pipeline->then(Object(Closure))
#36 D:/laragon/www/datnv2/DuAn_TN/vendor/laravel/framework/src/Illuminate/Routing/Router.php(784): Illuminate/Routing/Router->runRouteWithinStack(Object(Illuminate/Routing/Route), Object(Illuminate/Http/Request))
#37 D:/laragon/www/datnv2/DuAn_TN/vendor/laravel/framework/src/Illuminate/Routing/Router.php(748): Illuminate/Routing/Router->runRoute(Object(Illuminate/Http/Request), Object(Illuminate/Routing/Route))
#38 D:/laragon/www/datnv2/DuAn_TN/vendor/laravel/framework/src/Illuminate/Routing/Router.php(737): Illuminate/Routing/Router->dispatchToRoute(Object(Illuminate/Http/Request))
#39 D:/laragon/www/datnv2/DuAn_TN/vendor/laravel/framework/src/Illuminate/Foundation/Http/Kernel.php(200): Illuminate/Routing/Router->dispatch(Object(Illuminate/Http/Request))
#40 D:/laragon/www/datnv2/DuAn_TN/vendor/laravel/framework/src/Illuminate/Pipeline/Pipeline.php(144): Illuminate/Foundation/Http/Kernel->Illuminate/Foundation/Http/{closure}(Object(Illuminate/Http/Request))
#41 D:/laragon/www/datnv2/DuAn_TN/vendor/livewire/livewire/src/Features/SupportDisablingBackButtonCache/DisableBackButtonCacheMiddleware.php(19): Illuminate/Pipeline/Pipeline->Illuminate/Pipeline/{closure}(Object(Illuminate/Http/Request))
#42 D:/laragon/www/datnv2/DuAn_TN/vendor/laravel/framework/src/Illuminate/Pipeline/Pipeline.php(183): Livewire/Features/SupportDisablingBackButtonCache/DisableBackButtonCacheMiddleware->handle(Object(Illuminate/Http/Request), Object(Closure))
#43 D:/laragon/www/datnv2/DuAn_TN/vendor/laravel/framework/src/Illuminate/Foundation/Http/Middleware/ConvertEmptyStringsToNull.php(27): Illuminate/Pipeline/Pipeline->Illuminate/Pipeline/{closure}(Object(Illuminate/Http/Request))
#44 D:/laragon/www/datnv2/DuAn_TN/vendor/laravel/framework/src/Illuminate/Pipeline/Pipeline.php(183): Illuminate/Foundation/Http/Middleware/ConvertEmptyStringsToNull->handle(Object(Illuminate/Http/Request), Object(Closure))
#45 D:/laragon/www/datnv2/DuAn_TN/vendor/laravel/framework/src/Illuminate/Foundation/Http/Middleware/TrimStrings.php(36): Illuminate/Pipeline/Pipeline->Illuminate/Pipeline/{closure}(Object(Illuminate/Http/Request))
#46 D:/laragon/www/datnv2/DuAn_TN/vendor/laravel/framework/src/Illuminate/Pipeline/Pipeline.php(183): Illuminate/Foundation/Http/Middleware/TrimStrings->handle(Object(Illuminate/Http/Request), Object(Closure))
#47 D:/laragon/www/datnv2/DuAn_TN/vendor/laravel/framework/src/Illuminate/Foundation/Http/Middleware/ValidatePostSize.php(27): Illuminate/Pipeline/Pipeline->Illuminate/Pipeline/{closure}(Object(Illuminate/Http/Request))
#48 D:/laragon/www/datnv2/DuAn_TN/vendor/laravel/framework/src/Illuminate/Pipeline/Pipeline.php(183): Illuminate/Foundation/Http/Middleware/ValidatePostSize->handle(Object(Illuminate/Http/Request), Object(Closure))
#49 D:/laragon/www/datnv2/DuAn_TN/vendor/laravel/framework/src/Illuminate/Foundation/Http/Middleware/PreventRequestsDuringMaintenance.php(99): Illuminate/Pipeline/Pipeline->Illuminate/Pipeline/{closure}(Object(Illuminate/Http/Request))
#50 D:/laragon/www/datnv2/DuAn_TN/vendor/laravel/framework/src/Illuminate/Pipeline/Pipeline.php(183): Illuminate/Foundation/Http/Middleware/PreventRequestsDuringMaintenance->handle(Object(Illuminate/Http/Request), Object(Closure))
#51 D:/laragon/www/datnv2/DuAn_TN/vendor/laravel/framework/src/Illuminate/Http/Middleware/HandleCors.php(49): Illuminate/Pipeline/Pipeline->Illuminate/Pipeline/{closure}(Object(Illuminate/Http/Request))
#52 D:/laragon/www/datnv2/DuAn_TN/vendor/laravel/framework/src/Illuminate/Pipeline/Pipeline.php(183): Illuminate/Http/Middleware/HandleCors->handle(Object(Illuminate/Http/Request), Object(Closure))
#53 D:/laragon/www/datnv2/DuAn_TN/vendor/laravel/framework/src/Illuminate/Http/Middleware/TrustProxies.php(39): Illuminate/Pipeline/Pipeline->Illuminate/Pipeline/{closure}(Object(Illuminate/Http/Request))
#54 D:/laragon/www/datnv2/DuAn_TN/vendor/laravel/framework/src/Illuminate/Pipeline/Pipeline.php(183): Illuminate/Http/Middleware/TrustProxies->handle(Object(Illuminate/Http/Request), Object(Closure))
#55 D:/laragon/www/datnv2/DuAn_TN/vendor/laravel/framework/src/Illuminate/Pipeline/Pipeline.php(119): Illuminate/Pipeline/Pipeline->Illuminate/Pipeline/{closure}(Object(Illuminate/Http/Request))
#56 D:/laragon/www/datnv2/DuAn_TN/vendor/laravel/framework/src/Illuminate/Foundation/Http/Kernel.php(175): Illuminate/Pipeline/Pipeline->then(Object(Closure))
#57 D:/laragon/www/datnv2/DuAn_TN/vendor/laravel/framework/src/Illuminate/Foundation/Http/Kernel.php(144): Illuminate/Foundation/Http/Kernel->sendRequestThroughRouter(Object(Illuminate/Http/Request))
#58 D:/laragon/www/datnv2/DuAn_TN/public/index.php(52): Illuminate/Foundation/Http/Kernel->handle(Object(Illuminate/Http/Request))
#59 D:/laragon/www/datnv2/DuAn_TN/vendor/laravel/framework/src/Illuminate/Foundation/resources/server.php(16): require_once('D://laragon//www//...')
#60 {main}
"} 
[2026-05-26 05:48:00] local.ERROR: Route [filament.admin.resources.locations.index] not defined. {"userId":1,"exception":"[object] (Symfony\\Component\\Routing\\Exception\\RouteNotFoundException(code: 0): Route [filament.admin.resources.locations.index] not defined. at D:/laragon/www/datnv2/DuAn_TN/vendor/laravel/framework/src/Illuminate/Routing/UrlGenerator.php:477)
[stacktrace]
#0 D:/laragon/www/datnv2/DuAn_TN/vendor/laravel/framework/src/Illuminate/Foundation/helpers.php(811): Illuminate/Routing/UrlGenerator->route('filament.admin....', Array, true)
#1 D:/laragon/www/datnv2/DuAn_TN/vendor/filament/filament/src/Resources/Resource.php(701): route('filament.admin....', Array, true)
#2 D:/laragon/www/datnv2/DuAn_TN/vendor/filament/filament/src/Resources/Resource.php(860): Filament/Resources/Resource::getUrl()
#3 D:/laragon/www/datnv2/DuAn_TN/vendor/filament/filament/src/Resources/Resource.php(174): Filament/Resources/Resource::getNavigationUrl()
#4 D:/laragon/www/datnv2/DuAn_TN/vendor/filament/filament/src/Resources/Resource.php(156): Filament/Resources/Resource::getNavigationItems()
#5 D:/laragon/www/datnv2/DuAn_TN/vendor/filament/filament/src/Navigation/NavigationManager.php(141): Filament/Resources/Resource::registerNavigationItems()
#6 D:/laragon/www/datnv2/DuAn_TN/vendor/filament/filament/src/Navigation/NavigationManager.php(50): Filament/Navigation/NavigationManager->mountNavigation()
#7 D:/laragon/www/datnv2/DuAn_TN/vendor/filament/filament/src/Panel/Concerns/HasRoutes.php(193): Filament/Navigation/NavigationManager->get()
#8 D:/laragon/www/datnv2/DuAn_TN/vendor/filament/filament/src/FilamentManager.php(525): Filament/Panel->getUrl(NULL)
#9 D:/laragon/www/datnv2/DuAn_TN/vendor/laravel/framework/src/Illuminate/Support/Facades/Facade.php(355): Filament/FilamentManager->getUrl()
#10 D:/laragon/www/datnv2/DuAn_TN/vendor/filament/filament/src/Http/Responses/Auth/LoginResponse.php(14): Illuminate/Support/Facades/Facade::__callStatic('getUrl', Array)
#11 D:/laragon/www/datnv2/DuAn_TN/vendor/livewire/livewire/src/Features/SupportFileDownloads/SupportFileDownloads.php(16): Filament/Http/Responses/Auth/LoginResponse->toResponse(Object(Illuminate/Http/Request))
#12 D:/laragon/www/datnv2/DuAn_TN/vendor/livewire/livewire/src/ComponentHook.php(45): Livewire/Features/SupportFileDownloads/SupportFileDownloads->Livewire/Features/SupportFileDownloads/{closure}(Object(Filament/Http/Responses/Auth/LoginResponse))
#13 D:/laragon/www/datnv2/DuAn_TN/vendor/livewire/livewire/src/ComponentHookRegistry.php(115): Livewire/ComponentHook->Livewire/{closure}(Object(Filament/Http/Responses/Auth/LoginResponse))
#14 D:/laragon/www/datnv2/DuAn_TN/vendor/livewire/livewire/src/EventBus.php(73): Livewire/ComponentHookRegistry::Livewire/{closure}(Object(Filament/Http/Responses/Auth/LoginResponse))
#15 D:/laragon/www/datnv2/DuAn_TN/vendor/livewire/livewire/src/Mechanisms/HandleComponents/HandleComponents.php(518): Livewire/EventBus->Livewire/{closure}(Object(Filament/Http/Responses/Auth/LoginResponse))
#16 D:/laragon/www/datnv2/DuAn_TN/vendor/livewire/livewire/src/Mechanisms/HandleComponents/HandleComponents.php(124): Livewire/Mechanisms/HandleComponents/HandleComponents->callMethods(Object(Filament/Pages/Auth/Login), Array, Object(Livewire/Mechanisms/HandleComponents/ComponentContext))
#17 D:/laragon/www/datnv2/DuAn_TN/vendor/livewire/livewire/src/LivewireManager.php(102): Livewire/Mechanisms/HandleComponents/HandleComponents->update(Array, Array, Array)
#18 D:/laragon/www/datnv2/DuAn_TN/vendor/livewire/livewire/src/Mechanisms/HandleRequests/HandleRequests.php(144): Livewire/LivewireManager->update(Array, Array, Array)
#19 D:/laragon/www/datnv2/DuAn_TN/vendor/laravel/framework/src/Illuminate/Routing/ControllerDispatcher.php(46): Livewire/Mechanisms/HandleRequests/HandleRequests->handleUpdate()
#20 D:/laragon/www/datnv2/DuAn_TN/vendor/laravel/framework/src/Illuminate/Routing/Route.php(260): Illuminate/Routing/ControllerDispatcher->dispatch(Object(Illuminate/Routing/Route), Object(Livewire/Mechanisms/HandleRequests/HandleRequests), 'handleUpdate')
#21 D:/laragon/www/datnv2/DuAn_TN/vendor/laravel/framework/src/Illuminate/Routing/Route.php(205): Illuminate/Routing/Route->runController()
#22 D:/laragon/www/datnv2/DuAn_TN/vendor/laravel/framework/src/Illuminate/Routing/Router.php(806): Illuminate/Routing/Route->run()
#23 D:/laragon/www/datnv2/DuAn_TN/vendor/laravel/framework/src/Illuminate/Pipeline/Pipeline.php(144): Illuminate/Routing/Router->Illuminate/Routing/{closure}(Object(Illuminate/Http/Request))
#24 D:/laragon/www/datnv2/DuAn_TN/vendor/laravel/framework/src/Illuminate/Routing/Middleware/SubstituteBindings.php(50): Illuminate/Pipeline/Pipeline->Illuminate/Pipeline/{closure}(Object(Illuminate/Http/Request))
#25 D:/laragon/www/datnv2/DuAn_TN/vendor/laravel/framework/src/Illuminate/Pipeline/Pipeline.php(183): Illuminate/Routing/Middleware/SubstituteBindings->handle(Object(Illuminate/Http/Request), Object(Closure))
#26 D:/laragon/www/datnv2/DuAn_TN/vendor/laravel/framework/src/Illuminate/Foundation/Http/Middleware/VerifyCsrfToken.php(78): Illuminate/Pipeline/Pipeline->Illuminate/Pipeline/{closure}(Object(Illuminate/Http/Request))
#27 D:/laragon/www/datnv2/DuAn_TN/vendor/laravel/framework/src/Illuminate/Pipeline/Pipeline.php(183): Illuminate/Foundation/Http/Middleware/VerifyCsrfToken->handle(Object(Illuminate/Http/Request), Object(Closure))
#28 D:/laragon/www/datnv2/DuAn_TN/vendor/laravel/framework/src/Illuminate/View/Middleware/ShareErrorsFromSession.php(49): Illuminate/Pipeline/Pipeline->Illuminate/Pipeline/{closure}(Object(Illuminate/Http/Request))
#29 D:/laragon/www/datnv2/DuAn_TN/vendor/laravel/framework/src/Illuminate/Pipeline/Pipeline.php(183): Illuminate/View/Middleware/ShareErrorsFromSession->handle(Object(Illuminate/Http/Request), Object(Closure))
#30 D:/laragon/www/datnv2/DuAn_TN/vendor/laravel/framework/src/Illuminate/Session/Middleware/StartSession.php(121): Illuminate/Pipeline/Pipeline->Illuminate/Pipeline/{closure}(Object(Illuminate/Http/Request))
#31 D:/laragon/www/datnv2/DuAn_TN/vendor/laravel/framework/src/Illuminate/Session/Middleware/StartSession.php(64): Illuminate/Session/Middleware/StartSession->handleStatefulRequest(Object(Illuminate/Http/Request), Object(Illuminate/Session/Store), Object(Closure))
#32 D:/laragon/www/datnv2/DuAn_TN/vendor/laravel/framework/src/Illuminate/Pipeline/Pipeline.php(183): Illuminate/Session/Middleware/StartSession->handle(Object(Illuminate/Http/Request), Object(Closure))
#33 D:/laragon/www/datnv2/DuAn_TN/vendor/laravel/framework/src/Illuminate/Cookie/Middleware/AddQueuedCookiesToResponse.php(37): Illuminate/Pipeline/Pipeline->Illuminate/Pipeline/{closure}(Object(Illuminate/Http/Request))
#34 D:/laragon/www/datnv2/DuAn_TN/vendor/laravel/framework/src/Illuminate/Pipeline/Pipeline.php(183): Illuminate/Cookie/Middleware/AddQueuedCookiesToResponse->handle(Object(Illuminate/Http/Request), Object(Closure))
#35 D:/laragon/www/datnv2/DuAn_TN/vendor/laravel/framework/src/Illuminate/Cookie/Middleware/EncryptCookies.php(67): Illuminate/Pipeline/Pipeline->Illuminate/Pipeline/{closure}(Object(Illuminate/Http/Request))
#36 D:/laragon/www/datnv2/DuAn_TN/vendor/laravel/framework/src/Illuminate/Pipeline/Pipeline.php(183): Illuminate/Cookie/Middleware/EncryptCookies->handle(Object(Illuminate/Http/Request), Object(Closure))
#37 D:/laragon/www/datnv2/DuAn_TN/vendor/laravel/framework/src/Illuminate/Pipeline/Pipeline.php(119): Illuminate/Pipeline/Pipeline->Illuminate/Pipeline/{closure}(Object(Illuminate/Http/Request))
#38 D:/laragon/www/datnv2/DuAn_TN/vendor/laravel/framework/src/Illuminate/Routing/Router.php(807): Illuminate/Pipeline/Pipeline->then(Object(Closure))
#39 D:/laragon/www/datnv2/DuAn_TN/vendor/laravel/framework/src/Illuminate/Routing/Router.php(784): Illuminate/Routing/Router->runRouteWithinStack(Object(Illuminate/Routing/Route), Object(Illuminate/Http/Request))
#40 D:/laragon/www/datnv2/DuAn_TN/vendor/laravel/framework/src/Illuminate/Routing/Router.php(748): Illuminate/Routing/Router->runRoute(Object(Illuminate/Http/Request), Object(Illuminate/Routing/Route))
#41 D:/laragon/www/datnv2/DuAn_TN/vendor/laravel/framework/src/Illuminate/Routing/Router.php(737): Illuminate/Routing/Router->dispatchToRoute(Object(Illuminate/Http/Request))
#42 D:/laragon/www/datnv2/DuAn_TN/vendor/laravel/framework/src/Illuminate/Foundation/Http/Kernel.php(200): Illuminate/Routing/Router->dispatch(Object(Illuminate/Http/Request))
#43 D:/laragon/www/datnv2/DuAn_TN/vendor/laravel/framework/src/Illuminate/Pipeline/Pipeline.php(144): Illuminate/Foundation/Http/Kernel->Illuminate/Foundation/Http/{closure}(Object(Illuminate/Http/Request))
#44 D:/laragon/www/datnv2/DuAn_TN/vendor/livewire/livewire/src/Features/SupportDisablingBackButtonCache/DisableBackButtonCacheMiddleware.php(19): Illuminate/Pipeline/Pipeline->Illuminate/Pipeline/{closure}(Object(Illuminate/Http/Request))
#45 D:/laragon/www/datnv2/DuAn_TN/vendor/laravel/framework/src/Illuminate/Pipeline/Pipeline.php(183): Livewire/Features/SupportDisablingBackButtonCache/DisableBackButtonCacheMiddleware->handle(Object(Illuminate/Http/Request), Object(Closure))
#46 D:/laragon/www/datnv2/DuAn_TN/vendor/laravel/framework/src/Illuminate/Foundation/Http/Middleware/ConvertEmptyStringsToNull.php(27): Illuminate/Pipeline/Pipeline->Illuminate/Pipeline/{closure}(Object(Illuminate/Http/Request))
#47 D:/laragon/www/datnv2/DuAn_TN/vendor/laravel/framework/src/Illuminate/Pipeline/Pipeline.php(183): Illuminate/Foundation/Http/Middleware/ConvertEmptyStringsToNull->handle(Object(Illuminate/Http/Request), Object(Closure))
#48 D:/laragon/www/datnv2/DuAn_TN/vendor/laravel/framework/src/Illuminate/Foundation/Http/Middleware/TrimStrings.php(36): Illuminate/Pipeline/Pipeline->Illuminate/Pipeline/{closure}(Object(Illuminate/Http/Request))
#49 D:/laragon/www/datnv2/DuAn_TN/vendor/laravel/framework/src/Illuminate/Pipeline/Pipeline.php(183): Illuminate/Foundation/Http/Middleware/TrimStrings->handle(Object(Illuminate/Http/Request), Object(Closure))
#50 D:/laragon/www/datnv2/DuAn_TN/vendor/laravel/framework/src/Illuminate/Foundation/Http/Middleware/ValidatePostSize.php(27): Illuminate/Pipeline/Pipeline->Illuminate/Pipeline/{closure}(Object(Illuminate/Http/Request))
#51 D:/laragon/www/datnv2/DuAn_TN/vendor/laravel/framework/src/Illuminate/Pipeline/Pipeline.php(183): Illuminate/Foundation/Http/Middleware/ValidatePostSize->handle(Object(Illuminate/Http/Request), Object(Closure))
#52 D:/laragon/www/datnv2/DuAn_TN/vendor/laravel/framework/src/Illuminate/Foundation/Http/Middleware/PreventRequestsDuringMaintenance.php(99): Illuminate/Pipeline/Pipeline->Illuminate/Pipeline/{closure}(Object(Illuminate/Http/Request))
#53 D:/laragon/www/datnv2/DuAn_TN/vendor/laravel/framework/src/Illuminate/Pipeline/Pipeline.php(183): Illuminate/Foundation/Http/Middleware/PreventRequestsDuringMaintenance->handle(Object(Illuminate/Http/Request), Object(Closure))
#54 D:/laragon/www/datnv2/DuAn_TN/vendor/laravel/framework/src/Illuminate/Http/Middleware/HandleCors.php(49): Illuminate/Pipeline/Pipeline->Illuminate/Pipeline/{closure}(Object(Illuminate/Http/Request))
#55 D:/laragon/www/datnv2/DuAn_TN/vendor/laravel/framework/src/Illuminate/Pipeline/Pipeline.php(183): Illuminate/Http/Middleware/HandleCors->handle(Object(Illuminate/Http/Request), Object(Closure))
#56 D:/laragon/www/datnv2/DuAn_TN/vendor/laravel/framework/src/Illuminate/Http/Middleware/TrustProxies.php(39): Illuminate/Pipeline/Pipeline->Illuminate/Pipeline/{closure}(Object(Illuminate/Http/Request))
#57 D:/laragon/www/datnv2/DuAn_TN/vendor/laravel/framework/src/Illuminate/Pipeline/Pipeline.php(183): Illuminate/Http/Middleware/TrustProxies->handle(Object(Illuminate/Http/Request), Object(Closure))
#58 D:/laragon/www/datnv2/DuAn_TN/vendor/laravel/framework/src/Illuminate/Pipeline/Pipeline.php(119): Illuminate/Pipeline/Pipeline->Illuminate/Pipeline/{closure}(Object(Illuminate/Http/Request))
#59 D:/laragon/www/datnv2/DuAn_TN/vendor/laravel/framework/src/Illuminate/Foundation/Http/Kernel.php(175): Illuminate/Pipeline/Pipeline->then(Object(Closure))
#60 D:/laragon/www/datnv2/DuAn_TN/vendor/laravel/framework/src/Illuminate/Foundation/Http/Kernel.php(144): Illuminate/Foundation/Http/Kernel->sendRequestThroughRouter(Object(Illuminate/Http/Request))
#61 D:/laragon/www/datnv2/DuAn_TN/public/index.php(52): Illuminate/Foundation/Http/Kernel->handle(Object(Illuminate/Http/Request))
#62 D:/laragon/www/datnv2/DuAn_TN/vendor/laravel/framework/src/Illuminate/Foundation/resources/server.php(16): require_once('D://laragon//www//...')
#63 {main}
"} 
[2026-05-26 05:49:05] local.ERROR: Filament\FilamentManager::getUserName(): Return value must be of type string, null returned {"view":{"view":"D:\\laragon\\www\\datnv2\\DuAn_TN\\vendor\\filament\\filament\\resources\\views\\components\\avatar\\user.blade.php","data":[]},"userId":1,"exception":"[object] (Spatie\\LaravelIgnition\\Exceptions\\ViewException(code: 0): Filament\\FilamentManager::getUserName(): Return value must be of type string, null returned at D:/laragon/www/datnv2/DuAn_TN/vendor/filament/filament/src/FilamentManager.php:506)
[stacktrace]
#0 D:/laragon/www/datnv2/DuAn_TN/vendor/filament/filament/src/FilamentManager.php(244): Filament/FilamentManager->getUserName(Object(App/Models/User))
#1 D:/laragon/www/datnv2/DuAn_TN/vendor/laravel/framework/src/Illuminate/Support/Facades/Facade.php(355): Filament/FilamentManager->getNameForDefaultAvatar(Object(App/Models/User))
#2 D:/laragon/www/datnv2/DuAn_TN/vendor/filament/filament/src/AvatarProviders/UiAvatarsProvider.php(15): Illuminate/Support/Facades/Facade::__callStatic('getNameForDefau...', Array)
#3 D:/laragon/www/datnv2/DuAn_TN/vendor/filament/filament/src/FilamentManager.php(473): Filament/AvatarProviders/UiAvatarsProvider->get(Object(App/Models/User))
#4 D:/laragon/www/datnv2/DuAn_TN/vendor/filament/filament/resources/views/components/avatar/user.blade.php(5): Filament/FilamentManager->getUserAvatarUrl(Object(App/Models/User))
#5 D:/laragon/www/datnv2/DuAn_TN/vendor/livewire/livewire/src/Mechanisms/ExtendBlade/ExtendedCompilerEngine.php(37): include('D://laragon//www//...')
#6 D:/laragon/www/datnv2/DuAn_TN/vendor/livewire/livewire/src/Mechanisms/ExtendBlade/ExtendedCompilerEngine.php(38): Filament/Widgets/AccountWidget->Livewire/Mechanisms/ExtendBlade/{closure}()
#7 D:/laragon/www/datnv2/DuAn_TN/vendor/laravel/framework/src/Illuminate/View/Engines/CompilerEngine.php(72): Livewire/Mechanisms/ExtendBlade/ExtendedCompilerEngine->evaluatePath('D://laragon//www//...', Array)
#8 D:/laragon/www/datnv2/DuAn_TN/vendor/livewire/livewire/src/Mechanisms/ExtendBlade/ExtendedCompilerEngine.php(16): Illuminate/View/Engines/CompilerEngine->get('D://laragon//www//...', Array)
#9 D:/laragon/www/datnv2/DuAn_TN/vendor/laravel/framework/src/Illuminate/View/View.php(207): Livewire/Mechanisms/ExtendBlade/ExtendedCompilerEngine->get('D://laragon//www//...', Array)
#10 D:/laragon/www/datnv2/DuAn_TN/vendor/laravel/framework/src/Illuminate/View/View.php(190): Illuminate/View/View->getContents()
#11 D:/laragon/www/datnv2/DuAn_TN/vendor/laravel/framework/src/Illuminate/View/View.php(159): Illuminate/View/View->renderContents()
#12 D:/laragon/www/datnv2/DuAn_TN/vendor/laravel/framework/src/Illuminate/View/Concerns/ManagesComponents.php(103): Illuminate/View/View->render()
#13 D:/laragon/www/datnv2/DuAn_TN/vendor/filament/filament/resources/views/widgets/account-widget.blade.php(8): Illuminate/View/Factory->renderComponent()
#14 D:/laragon/www/datnv2/DuAn_TN/vendor/livewire/livewire/src/Mechanisms/ExtendBlade/ExtendedCompilerEngine.php(37): include('D://laragon//www//...')
#15 D:/laragon/www/datnv2/DuAn_TN/vendor/livewire/livewire/src/Mechanisms/ExtendBlade/ExtendedCompilerEngine.php(38): Filament/Widgets/AccountWidget->Livewire/Mechanisms/ExtendBlade/{closure}()
#16 D:/laragon/www/datnv2/DuAn_TN/vendor/laravel/framework/src/Illuminate/View/Engines/CompilerEngine.php(72): Livewire/Mechanisms/ExtendBlade/ExtendedCompilerEngine->evaluatePath('D://laragon//www//...', Array)
#17 D:/laragon/www/datnv2/DuAn_TN/vendor/livewire/livewire/src/Mechanisms/ExtendBlade/ExtendedCompilerEngine.php(16): Illuminate/View/Engines/CompilerEngine->get('D://laragon//www//...', Array)
#18 D:/laragon/www/datnv2/DuAn_TN/vendor/laravel/framework/src/Illuminate/View/View.php(207): Livewire/Mechanisms/ExtendBlade/ExtendedCompilerEngine->get('D://laragon//www//...', Array)
#19 D:/laragon/www/datnv2/DuAn_TN/vendor/laravel/framework/src/Illuminate/View/View.php(190): Illuminate/View/View->getContents()
#20 D:/laragon/www/datnv2/DuAn_TN/vendor/laravel/framework/src/Illuminate/View/View.php(159): Illuminate/View/View->renderContents()
#21 D:/laragon/www/datnv2/DuAn_TN/vendor/livewire/livewire/src/Mechanisms/HandleComponents/HandleComponents.php(285): Illuminate/View/View->render(Object(Closure))
#22 D:/laragon/www/datnv2/DuAn_TN/vendor/livewire/livewire/src/Mechanisms/HandleComponents/HandleComponents.php(326): Livewire/Mechanisms/HandleComponents/HandleComponents->Livewire/Mechanisms/HandleComponents/{closure}()
#23 D:/laragon/www/datnv2/DuAn_TN/vendor/livewire/livewire/src/Mechanisms/HandleComponents/HandleComponents.php(300): Livewire/Mechanisms/HandleComponents/HandleComponents->trackInRenderStack(Object(Filament/Widgets/AccountWidget), Object(Closure))
#24 D:/laragon/www/datnv2/DuAn_TN/vendor/livewire/livewire/src/Mechanisms/HandleComponents/HandleComponents.php(54): Livewire/Mechanisms/HandleComponents/HandleComponents->render(Object(Filament/Widgets/AccountWidget), '<div></div>')
#25 D:/laragon/www/datnv2/DuAn_TN/vendor/livewire/livewire/src/LivewireManager.php(73): Livewire/Mechanisms/HandleComponents/HandleComponents->mount('Filament//Widget...', Array, 'Filament//Widget...')
#26 D:/laragon/www/datnv2/DuAn_TN/vendor/filament/widgets/resources/views/components/widgets.blade.php(33): Livewire/LivewireManager->mount('Filament//Widget...', Array, 'Filament//Widget...')
#27 D:/laragon/www/datnv2/DuAn_TN/vendor/livewire/livewire/src/Mechanisms/ExtendBlade/ExtendedCompilerEngine.php(37): include('D://laragon//www//...')
#28 D:/laragon/www/datnv2/DuAn_TN/vendor/livewire/livewire/src/Mechanisms/ExtendBlade/ExtendedCompilerEngine.php(38): Filament/Pages/Dashboard->Livewire/Mechanisms/ExtendBlade/{closure}()
#29 D:/laragon/www/datnv2/DuAn_TN/vendor/laravel/framework/src/Illuminate/View/Engines/CompilerEngine.php(72): Livewire/Mechanisms/ExtendBlade/ExtendedCompilerEngine->evaluatePath('D://laragon//www//...', Array)
#30 D:/laragon/www/datnv2/DuAn_TN/vendor/livewire/livewire/src/Mechanisms/ExtendBlade/ExtendedCompilerEngine.php(16): Illuminate/View/Engines/CompilerEngine->get('D://laragon//www//...', Array)
#31 D:/laragon/www/datnv2/DuAn_TN/vendor/laravel/framework/src/Illuminate/View/View.php(207): Livewire/Mechanisms/ExtendBlade/ExtendedCompilerEngine->get('D://laragon//www//...', Array)
#32 D:/laragon/www/datnv2/DuAn_TN/vendor/laravel/framework/src/Illuminate/View/View.php(190): Illuminate/View/View->getContents()
#33 D:/laragon/www/datnv2/DuAn_TN/vendor/laravel/framework/src/Illuminate/View/View.php(159): Illuminate/View/View->renderContents()
#34 D:/laragon/www/datnv2/DuAn_TN/vendor/laravel/framework/src/Illuminate/View/Concerns/ManagesComponents.php(103): Illuminate/View/View->render()
#35 D:/laragon/www/datnv2/DuAn_TN/vendor/filament/filament/resources/views/pages/dashboard.blade.php(36): Illuminate/View/Factory->renderComponent()
#36 D:/laragon/www/datnv2/DuAn_TN/vendor/livewire/livewire/src/Mechanisms/ExtendBlade/ExtendedCompilerEngine.php(37): include('D://laragon//www//...')
#37 D:/laragon/www/datnv2/DuAn_TN/vendor/livewire/livewire/src/Mechanisms/ExtendBlade/ExtendedCompilerEngine.php(38): Filament/Pages/Dashboard->Livewire/Mechanisms/ExtendBlade/{closure}()
#38 D:/laragon/www/datnv2/DuAn_TN/vendor/laravel/framework/src/Illuminate/View/Engines/CompilerEngine.php(72): Livewire/Mechanisms/ExtendBlade/ExtendedCompilerEngine->evaluatePath('D://laragon//www//...', Array)
#39 D:/laragon/www/datnv2/DuAn_TN/vendor/livewire/livewire/src/Mechanisms/ExtendBlade/ExtendedCompilerEngine.php(16): Illuminate/View/Engines/CompilerEngine->get('D://laragon//www//...', Array)
#40 D:/laragon/www/datnv2/DuAn_TN/vendor/laravel/framework/src/Illuminate/View/View.php(207): Livewire/Mechanisms/ExtendBlade/ExtendedCompilerEngine->get('D://laragon//www//...', Array)
#41 D:/laragon/www/datnv2/DuAn_TN/vendor/laravel/framework/src/Illuminate/View/View.php(190): Illuminate/View/View->getContents()
#42 D:/laragon/www/datnv2/DuAn_TN/vendor/laravel/framework/src/Illuminate/View/View.php(159): Illuminate/View/View->renderContents()
#43 D:/laragon/www/datnv2/DuAn_TN/vendor/livewire/livewire/src/Mechanisms/HandleComponents/HandleComponents.php(285): Illuminate/View/View->render(Object(Closure))
#44 D:/laragon/www/datnv2/DuAn_TN/vendor/livewire/livewire/src/Mechanisms/HandleComponents/HandleComponents.php(326): Livewire/Mechanisms/HandleComponents/HandleComponents->Livewire/Mechanisms/HandleComponents/{closure}()
#45 D:/laragon/www/datnv2/DuAn_TN/vendor/livewire/livewire/src/Mechanisms/HandleComponents/HandleComponents.php(300): Livewire/Mechanisms/HandleComponents/HandleComponents->trackInRenderStack(Object(Filament/Pages/Dashboard), Object(Closure))
#46 D:/laragon/www/datnv2/DuAn_TN/vendor/livewire/livewire/src/Mechanisms/HandleComponents/HandleComponents.php(54): Livewire/Mechanisms/HandleComponents/HandleComponents->render(Object(Filament/Pages/Dashboard), '<div></div>')
#47 D:/laragon/www/datnv2/DuAn_TN/vendor/livewire/livewire/src/LivewireManager.php(73): Livewire/Mechanisms/HandleComponents/HandleComponents->mount('Filament//Pages//...', Array, NULL)
#48 D:/laragon/www/datnv2/DuAn_TN/vendor/livewire/livewire/src/Features/SupportPageComponents/HandlesPageComponents.php(17): Livewire/LivewireManager->mount('Filament//Pages//...', Array)
#49 D:/laragon/www/datnv2/DuAn_TN/vendor/livewire/livewire/src/Features/SupportPageComponents/SupportPageComponents.php(117): Livewire/Component->Livewire/Features/SupportPageComponents/{closure}()
#50 D:/laragon/www/datnv2/DuAn_TN/vendor/livewire/livewire/src/Features/SupportPageComponents/HandlesPageComponents.php(18): Livewire/Features/SupportPageComponents/SupportPageComponents::interceptTheRenderOfTheComponentAndRetreiveTheLayoutConfiguration(Object(Closure))
#51 D:/laragon/www/datnv2/DuAn_TN/vendor/laravel/framework/src/Illuminate/Routing/ControllerDispatcher.php(46): Livewire/Component->__invoke()
#52 D:/laragon/www/datnv2/DuAn_TN/vendor/laravel/framework/src/Illuminate/Routing/Route.php(260): Illuminate/Routing/ControllerDispatcher->dispatch(Object(Illuminate/Routing/Route), Object(Filament/Pages/Dashboard), '__invoke')
#53 D:/laragon/www/datnv2/DuAn_TN/vendor/laravel/framework/src/Illuminate/Routing/Route.php(205): Illuminate/Routing/Route->runController()
#54 D:/laragon/www/datnv2/DuAn_TN/vendor/laravel/framework/src/Illuminate/Routing/Router.php(806): Illuminate/Routing/Route->run()
#55 D:/laragon/www/datnv2/DuAn_TN/vendor/laravel/framework/src/Illuminate/Pipeline/Pipeline.php(144): Illuminate/Routing/Router->Illuminate/Routing/{closure}(Object(Illuminate/Http/Request))
#56 D:/laragon/www/datnv2/DuAn_TN/vendor/filament/filament/src/Http/Middleware/DispatchServingFilamentEvent.php(15): Illuminate/Pipeline/Pipeline->Illuminate/Pipeline/{closure}(Object(Illuminate/Http/Request))
#57 D:/laragon/www/datnv2/DuAn_TN/vendor/laravel/framework/src/Illuminate/Pipeline/Pipeline.php(183): Filament/Http/Middleware/DispatchServingFilamentEvent->handle(Object(Illuminate/Http/Request), Object(Closure))
#58 D:/laragon/www/datnv2/DuAn_TN/vendor/filament/filament/src/Http/Middleware/DisableBladeIconComponents.php(14): Illuminate/Pipeline/Pipeline->Illuminate/Pipeline/{closure}(Object(Illuminate/Http/Request))
#59 D:/laragon/www/datnv2/DuAn_TN/vendor/laravel/framework/src/Illuminate/Pipeline/Pipeline.php(183): Filament/Http/Middleware/DisableBladeIconComponents->handle(Object(Illuminate/Http/Request), Object(Closure))
#60 D:/laragon/www/datnv2/DuAn_TN/vendor/laravel/framework/src/Illuminate/Routing/Middleware/SubstituteBindings.php(50): Illuminate/Pipeline/Pipeline->Illuminate/Pipeline/{closure}(Object(Illuminate/Http/Request))
#61 D:/laragon/www/datnv2/DuAn_TN/vendor/laravel/framework/src/Illuminate/Pipeline/Pipeline.php(183): Illuminate/Routing/Middleware/SubstituteBindings->handle(Object(Illuminate/Http/Request), Object(Closure))
#62 D:/laragon/www/datnv2/DuAn_TN/vendor/laravel/framework/src/Illuminate/Foundation/Http/Middleware/VerifyCsrfToken.php(78): Illuminate/Pipeline/Pipeline->Illuminate/Pipeline/{closure}(Object(Illuminate/Http/Request))
#63 D:/laragon/www/datnv2/DuAn_TN/vendor/laravel/framework/src/Illuminate/Pipeline/Pipeline.php(183): Illuminate/Foundation/Http/Middleware/VerifyCsrfToken->handle(Object(Illuminate/Http/Request), Object(Closure))
#64 D:/laragon/www/datnv2/DuAn_TN/vendor/laravel/framework/src/Illuminate/Session/Middleware/AuthenticateSession.php(60): Illuminate/Pipeline/Pipeline->Illuminate/Pipeline/{closure}(Object(Illuminate/Http/Request))
#65 D:/laragon/www/datnv2/DuAn_TN/vendor/laravel/framework/src/Illuminate/Pipeline/Pipeline.php(183): Illuminate/Session/Middleware/AuthenticateSession->handle(Object(Illuminate/Http/Request), Object(Closure))
#66 D:/laragon/www/datnv2/DuAn_TN/vendor/laravel/framework/src/Illuminate/Auth/Middleware/Authenticate.php(57): Illuminate/Pipeline/Pipeline->Illuminate/Pipeline/{closure}(Object(Illuminate/Http/Request))
#67 D:/laragon/www/datnv2/DuAn_TN/vendor/laravel/framework/src/Illuminate/Pipeline/Pipeline.php(183): Illuminate/Auth/Middleware/Authenticate->handle(Object(Illuminate/Http/Request), Object(Closure))
#68 D:/laragon/www/datnv2/DuAn_TN/vendor/laravel/framework/src/Illuminate/View/Middleware/ShareErrorsFromSession.php(49): Illuminate/Pipeline/Pipeline->Illuminate/Pipeline/{closure}(Object(Illuminate/Http/Request))
#69 D:/laragon/www/datnv2/DuAn_TN/vendor/laravel/framework/src/Illuminate/Pipeline/Pipeline.php(183): Illuminate/View/Middleware/ShareErrorsFromSession->handle(Object(Illuminate/Http/Request), Object(Closure))
#70 D:/laragon/www/datnv2/DuAn_TN/vendor/laravel/framework/src/Illuminate/Session/Middleware/StartSession.php(121): Illuminate/Pipeline/Pipeline->Illuminate/Pipeline/{closure}(Object(Illuminate/Http/Request))
#71 D:/laragon/www/datnv2/DuAn_TN/vendor/laravel/framework/src/Illuminate/Session/Middleware/StartSession.php(64): Illuminate/Session/Middleware/StartSession->handleStatefulRequest(Object(Illuminate/Http/Request), Object(Illuminate/Session/Store), Object(Closure))
#72 D:/laragon/www/datnv2/DuAn_TN/vendor/laravel/framework/src/Illuminate/Pipeline/Pipeline.php(183): Illuminate/Session/Middleware/StartSession->handle(Object(Illuminate/Http/Request), Object(Closure))
#73 D:/laragon/www/datnv2/DuAn_TN/vendor/laravel/framework/src/Illuminate/Cookie/Middleware/AddQueuedCookiesToResponse.php(37): Illuminate/Pipeline/Pipeline->Illuminate/Pipeline/{closure}(Object(Illuminate/Http/Request))
#74 D:/laragon/www/datnv2/DuAn_TN/vendor/laravel/framework/src/Illuminate/Pipeline/Pipeline.php(183): Illuminate/Cookie/Middleware/AddQueuedCookiesToResponse->handle(Object(Illuminate/Http/Request), Object(Closure))
#75 D:/laragon/www/datnv2/DuAn_TN/vendor/laravel/framework/src/Illuminate/Cookie/Middleware/EncryptCookies.php(67): Illuminate/Pipeline/Pipeline->Illuminate/Pipeline/{closure}(Object(Illuminate/Http/Request))
#76 D:/laragon/www/datnv2/DuAn_TN/vendor/laravel/framework/src/Illuminate/Pipeline/Pipeline.php(183): Illuminate/Cookie/Middleware/EncryptCookies->handle(Object(Illuminate/Http/Request), Object(Closure))
#77 D:/laragon/www/datnv2/DuAn_TN/vendor/filament/filament/src/Http/Middleware/SetUpPanel.php(19): Illuminate/Pipeline/Pipeline->Illuminate/Pipeline/{closure}(Object(Illuminate/Http/Request))
#78 D:/laragon/www/datnv2/DuAn_TN/vendor/laravel/framework/src/Illuminate/Pipeline/Pipeline.php(183): Filament/Http/Middleware/SetUpPanel->handle(Object(Illuminate/Http/Request), Object(Closure), Object(Filament/Panel))
#79 D:/laragon/www/datnv2/DuAn_TN/vendor/laravel/framework/src/Illuminate/Pipeline/Pipeline.php(119): Illuminate/Pipeline/Pipeline->Illuminate/Pipeline/{closure}(Object(Illuminate/Http/Request))
#80 D:/laragon/www/datnv2/DuAn_TN/vendor/laravel/framework/src/Illuminate/Routing/Router.php(807): Illuminate/Pipeline/Pipeline->then(Object(Closure))
#81 D:/laragon/www/datnv2/DuAn_TN/vendor/laravel/framework/src/Illuminate/Routing/Router.php(784): Illuminate/Routing/Router->runRouteWithinStack(Object(Illuminate/Routing/Route), Object(Illuminate/Http/Request))
#82 D:/laragon/www/datnv2/DuAn_TN/vendor/laravel/framework/src/Illuminate/Routing/Router.php(748): Illuminate/Routing/Router->runRoute(Object(Illuminate/Http/Request), Object(Illuminate/Routing/Route))
#83 D:/laragon/www/datnv2/DuAn_TN/vendor/laravel/framework/src/Illuminate/Routing/Router.php(737): Illuminate/Routing/Router->dispatchToRoute(Object(Illuminate/Http/Request))
#84 D:/laragon/www/datnv2/DuAn_TN/vendor/laravel/framework/src/Illuminate/Foundation/Http/Kernel.php(200): Illuminate/Routing/Router->dispatch(Object(Illuminate/Http/Request))
#85 D:/laragon/www/datnv2/DuAn_TN/vendor/laravel/framework/src/Illuminate/Pipeline/Pipeline.php(144): Illuminate/Foundation/Http/Kernel->Illuminate/Foundation/Http/{closure}(Object(Illuminate/Http/Request))
#86 D:/laragon/www/datnv2/DuAn_TN/vendor/livewire/livewire/src/Features/SupportDisablingBackButtonCache/DisableBackButtonCacheMiddleware.php(19): Illuminate/Pipeline/Pipeline->Illuminate/Pipeline/{closure}(Object(Illuminate/Http/Request))
#87 D:/laragon/www/datnv2/DuAn_TN/vendor/laravel/framework/src/Illuminate/Pipeline/Pipeline.php(183): Livewire/Features/SupportDisablingBackButtonCache/DisableBackButtonCacheMiddleware->handle(Object(Illuminate/Http/Request), Object(Closure))
#88 D:/laragon/www/datnv2/DuAn_TN/vendor/laravel/framework/src/Illuminate/Foundation/Http/Middleware/TransformsRequest.php(21): Illuminate/Pipeline/Pipeline->Illuminate/Pipeline/{closure}(Object(Illuminate/Http/Request))
#89 D:/laragon/www/datnv2/DuAn_TN/vendor/laravel/framework/src/Illuminate/Foundation/Http/Middleware/ConvertEmptyStringsToNull.php(31): Illuminate/Foundation/Http/Middleware/TransformsRequest->handle(Object(Illuminate/Http/Request), Object(Closure))
#90 D:/laragon/www/datnv2/DuAn_TN/vendor/laravel/framework/src/Illuminate/Pipeline/Pipeline.php(183): Illuminate/Foundation/Http/Middleware/ConvertEmptyStringsToNull->handle(Object(Illuminate/Http/Request), Object(Closure))
#91 D:/laragon/www/datnv2/DuAn_TN/vendor/laravel/framework/src/Illuminate/Foundation/Http/Middleware/TransformsRequest.php(21): Illuminate/Pipeline/Pipeline->Illuminate/Pipeline/{closure}(Object(Illuminate/Http/Request))
#92 D:/laragon/www/datnv2/DuAn_TN/vendor/laravel/framework/src/Illuminate/Foundation/Http/Middleware/TrimStrings.php(40): Illuminate/Foundation/Http/Middleware/TransformsRequest->handle(Object(Illuminate/Http/Request), Object(Closure))
#93 D:/laragon/www/datnv2/DuAn_TN/vendor/laravel/framework/src/Illuminate/Pipeline/Pipeline.php(183): Illuminate/Foundation/Http/Middleware/TrimStrings->handle(Object(Illuminate/Http/Request), Object(Closure))
#94 D:/laragon/www/datnv2/DuAn_TN/vendor/laravel/framework/src/Illuminate/Foundation/Http/Middleware/ValidatePostSize.php(27): Illuminate/Pipeline/Pipeline->Illuminate/Pipeline/{closure}(Object(Illuminate/Http/Request))
#95 D:/laragon/www/datnv2/DuAn_TN/vendor/laravel/framework/src/Illuminate/Pipeline/Pipeline.php(183): Illuminate/Foundation/Http/Middleware/ValidatePostSize->handle(Object(Illuminate/Http/Request), Object(Closure))
#96 D:/laragon/www/datnv2/DuAn_TN/vendor/laravel/framework/src/Illuminate/Foundation/Http/Middleware/PreventRequestsDuringMaintenance.php(99): Illuminate/Pipeline/Pipeline->Illuminate/Pipeline/{closure}(Object(Illuminate/Http/Request))
#97 D:/laragon/www/datnv2/DuAn_TN/vendor/laravel/framework/src/Illuminate/Pipeline/Pipeline.php(183): Illuminate/Foundation/Http/Middleware/PreventRequestsDuringMaintenance->handle(Object(Illuminate/Http/Request), Object(Closure))
#98 D:/laragon/www/datnv2/DuAn_TN/vendor/laravel/framework/src/Illuminate/Http/Middleware/HandleCors.php(49): Illuminate/Pipeline/Pipeline->Illuminate/Pipeline/{closure}(Object(Illuminate/Http/Request))
#99 D:/laragon/www/datnv2/DuAn_TN/vendor/laravel/framework/src/Illuminate/Pipeline/Pipeline.php(183): Illuminate/Http/Middleware/HandleCors->handle(Object(Illuminate/Http/Request), Object(Closure))
#100 D:/laragon/www/datnv2/DuAn_TN/vendor/laravel/framework/src/Illuminate/Http/Middleware/TrustProxies.php(39): Illuminate/Pipeline/Pipeline->Illuminate/Pipeline/{closure}(Object(Illuminate/Http/Request))
#101 D:/laragon/www/datnv2/DuAn_TN/vendor/laravel/framework/src/Illuminate/Pipeline/Pipeline.php(183): Illuminate/Http/Middleware/TrustProxies->handle(Object(Illuminate/Http/Request), Object(Closure))
#102 D:/laragon/www/datnv2/DuAn_TN/vendor/laravel/framework/src/Illuminate/Pipeline/Pipeline.php(119): Illuminate/Pipeline/Pipeline->Illuminate/Pipeline/{closure}(Object(Illuminate/Http/Request))
#103 D:/laragon/www/datnv2/DuAn_TN/vendor/laravel/framework/src/Illuminate/Foundation/Http/Kernel.php(175): Illuminate/Pipeline/Pipeline->then(Object(Closure))
#104 D:/laragon/www/datnv2/DuAn_TN/vendor/laravel/framework/src/Illuminate/Foundation/Http/Kernel.php(144): Illuminate/Foundation/Http/Kernel->sendRequestThroughRouter(Object(Illuminate/Http/Request))
#105 D:/laragon/www/datnv2/DuAn_TN/public/index.php(52): Illuminate/Foundation/Http/Kernel->handle(Object(Illuminate/Http/Request))
#106 D:/laragon/www/datnv2/DuAn_TN/vendor/laravel/framework/src/Illuminate/Foundation/resources/server.php(16): require_once('D://laragon//www//...')
#107 {main}

[previous exception] [object] (TypeError(code: 0): Filament\\FilamentManager::getUserName(): Return value must be of type string, null returned at D:/laragon/www/datnv2/DuAn_TN/vendor/filament/filament/src/FilamentManager.php:506)
[stacktrace]
#0 D:/laragon/www/datnv2/DuAn_TN/vendor/filament/filament/src/FilamentManager.php(244): Filament/FilamentManager->getUserName(Object(App/Models/User))
#1 D:/laragon/www/datnv2/DuAn_TN/vendor/laravel/framework/src/Illuminate/Support/Facades/Facade.php(355): Filament/FilamentManager->getNameForDefaultAvatar(Object(App/Models/User))
#2 D:/laragon/www/datnv2/DuAn_TN/vendor/filament/filament/src/AvatarProviders/UiAvatarsProvider.php(15): Illuminate/Support/Facades/Facade::__callStatic('getNameForDefau...', Array)
#3 D:/laragon/www/datnv2/DuAn_TN/vendor/filament/filament/src/FilamentManager.php(473): Filament/AvatarProviders/UiAvatarsProvider->get(Object(App/Models/User))
#4 D:/laragon/www/datnv2/DuAn_TN/storage/framework/views/0f3deeb6169b561e327c97602909ea2b.php(23): Filament/FilamentManager->getUserAvatarUrl(Object(App/Models/User))
#5 D:/laragon/www/datnv2/DuAn_TN/vendor/livewire/livewire/src/Mechanisms/ExtendBlade/ExtendedCompilerEngine.php(37): include('D://laragon//www//...')
#6 D:/laragon/www/datnv2/DuAn_TN/vendor/livewire/livewire/src/Mechanisms/ExtendBlade/ExtendedCompilerEngine.php(38): Filament/Widgets/AccountWidget->Livewire/Mechanisms/ExtendBlade/{closure}()
#7 D:/laragon/www/datnv2/DuAn_TN/vendor/laravel/framework/src/Illuminate/View/Engines/CompilerEngine.php(72): Livewire/Mechanisms/ExtendBlade/ExtendedCompilerEngine->evaluatePath('D://laragon//www//...', Array)
#8 D:/laragon/www/datnv2/DuAn_TN/vendor/livewire/livewire/src/Mechanisms/ExtendBlade/ExtendedCompilerEngine.php(16): Illuminate/View/Engines/CompilerEngine->get('D://laragon//www//...', Array)
#9 D:/laragon/www/datnv2/DuAn_TN/vendor/laravel/framework/src/Illuminate/View/View.php(207): Livewire/Mechanisms/ExtendBlade/ExtendedCompilerEngine->get('D://laragon//www//...', Array)
#10 D:/laragon/www/datnv2/DuAn_TN/vendor/laravel/framework/src/Illuminate/View/View.php(190): Illuminate/View/View->getContents()
#11 D:/laragon/www/datnv2/DuAn_TN/vendor/laravel/framework/src/Illuminate/View/View.php(159): Illuminate/View/View->renderContents()
#12 D:/laragon/www/datnv2/DuAn_TN/vendor/laravel/framework/src/Illuminate/View/Concerns/ManagesComponents.php(103): Illuminate/View/View->render()
#13 D:/laragon/www/datnv2/DuAn_TN/storage/framework/views/22e84154a8240e63cb622f0329ef7db3.php(36): Illuminate/View/Factory->renderComponent()
#14 D:/laragon/www/datnv2/DuAn_TN/vendor/livewire/livewire/src/Mechanisms/ExtendBlade/ExtendedCompilerEngine.php(37): include('D://laragon//www//...')
#15 D:/laragon/www/datnv2/DuAn_TN/vendor/livewire/livewire/src/Mechanisms/ExtendBlade/ExtendedCompilerEngine.php(38): Filament/Widgets/AccountWidget->Livewire/Mechanisms/ExtendBlade/{closure}()
#16 D:/laragon/www/datnv2/DuAn_TN/vendor/laravel/framework/src/Illuminate/View/Engines/CompilerEngine.php(72): Livewire/Mechanisms/ExtendBlade/ExtendedCompilerEngine->evaluatePath('D://laragon//www//...', Array)
#17 D:/laragon/www/datnv2/DuAn_TN/vendor/livewire/livewire/src/Mechanisms/ExtendBlade/ExtendedCompilerEngine.php(16): Illuminate/View/Engines/CompilerEngine->get('D://laragon//www//...', Array)
#18 D:/laragon/www/datnv2/DuAn_TN/vendor/laravel/framework/src/Illuminate/View/View.php(207): Livewire/Mechanisms/ExtendBlade/ExtendedCompilerEngine->get('D://laragon//www//...', Array)
#19 D:/laragon/www/datnv2/DuAn_TN/vendor/laravel/framework/src/Illuminate/View/View.php(190): Illuminate/View/View->getContents()
#20 D:/laragon/www/datnv2/DuAn_TN/vendor/laravel/framework/src/Illuminate/View/View.php(159): Illuminate/View/View->renderContents()
#21 D:/laragon/www/datnv2/DuAn_TN/vendor/livewire/livewire/src/Mechanisms/HandleComponents/HandleComponents.php(285): Illuminate/View/View->render(Object(Closure))
#22 D:/laragon/www/datnv2/DuAn_TN/vendor/livewire/livewire/src/Mechanisms/HandleComponents/HandleComponents.php(326): Livewire/Mechanisms/HandleComponents/HandleComponents->Livewire/Mechanisms/HandleComponents/{closure}()
#23 D:/laragon/www/datnv2/DuAn_TN/vendor/livewire/livewire/src/Mechanisms/HandleComponents/HandleComponents.php(300): Livewire/Mechanisms/HandleComponents/HandleComponents->trackInRenderStack(Object(Filament/Widgets/AccountWidget), Object(Closure))
#24 D:/laragon/www/datnv2/DuAn_TN/vendor/livewire/livewire/src/Mechanisms/HandleComponents/HandleComponents.php(54): Livewire/Mechanisms/HandleComponents/HandleComponents->render(Object(Filament/Widgets/AccountWidget), '<div></div>')
#25 D:/laragon/www/datnv2/DuAn_TN/vendor/livewire/livewire/src/LivewireManager.php(73): Livewire/Mechanisms/HandleComponents/HandleComponents->mount('Filament//Widget...', Array, 'Filament//Widget...')
#26 D:/laragon/www/datnv2/DuAn_TN/storage/framework/views/3a1bed5e452854425da5632eb091a268.php(69): Livewire/LivewireManager->mount('Filament//Widget...', Array, 'Filament//Widget...')
#27 D:/laragon/www/datnv2/DuAn_TN/vendor/livewire/livewire/src/Mechanisms/ExtendBlade/ExtendedCompilerEngine.php(37): include('D://laragon//www//...')
#28 D:/laragon/www/datnv2/DuAn_TN/vendor/livewire/livewire/src/Mechanisms/ExtendBlade/ExtendedCompilerEngine.php(38): Filament/Pages/Dashboard->Livewire/Mechanisms/ExtendBlade/{closure}()
#29 D:/laragon/www/datnv2/DuAn_TN/vendor/laravel/framework/src/Illuminate/View/Engines/CompilerEngine.php(72): Livewire/Mechanisms/ExtendBlade/ExtendedCompilerEngine->evaluatePath('D://laragon//www//...', Array)
#30 D:/laragon/www/datnv2/DuAn_TN/vendor/livewire/livewire/src/Mechanisms/ExtendBlade/ExtendedCompilerEngine.php(16): Illuminate/View/Engines/CompilerEngine->get('D://laragon//www//...', Array)
#31 D:/laragon/www/datnv2/DuAn_TN/vendor/laravel/framework/src/Illuminate/View/View.php(207): Livewire/Mechanisms/ExtendBlade/ExtendedCompilerEngine->get('D://laragon//www//...', Array)
#32 D:/laragon/www/datnv2/DuAn_TN/vendor/laravel/framework/src/Illuminate/View/View.php(190): Illuminate/View/View->getContents()
#33 D:/laragon/www/datnv2/DuAn_TN/vendor/laravel/framework/src/Illuminate/View/View.php(159): Illuminate/View/View->renderContents()
#34 D:/laragon/www/datnv2/DuAn_TN/vendor/laravel/framework/src/Illuminate/View/Concerns/ManagesComponents.php(103): Illuminate/View/View->render()
#35 D:/laragon/www/datnv2/DuAn_TN/storage/framework/views/d8407466ca5a4f7c08d8a49f1d8e7412.php(36): Illuminate/View/Factory->renderComponent()
#36 D:/laragon/www/datnv2/DuAn_TN/vendor/livewire/livewire/src/Mechanisms/ExtendBlade/ExtendedCompilerEngine.php(37): include('D://laragon//www//...')
#37 D:/laragon/www/datnv2/DuAn_TN/vendor/livewire/livewire/src/Mechanisms/ExtendBlade/ExtendedCompilerEngine.php(38): Filament/Pages/Dashboard->Livewire/Mechanisms/ExtendBlade/{closure}()
#38 D:/laragon/www/datnv2/DuAn_TN/vendor/laravel/framework/src/Illuminate/View/Engines/CompilerEngine.php(72): Livewire/Mechanisms/ExtendBlade/ExtendedCompilerEngine->evaluatePath('D://laragon//www//...', Array)
#39 D:/laragon/www/datnv2/DuAn_TN/vendor/livewire/livewire/src/Mechanisms/ExtendBlade/ExtendedCompilerEngine.php(16): Illuminate/View/Engines/CompilerEngine->get('D://laragon//www//...', Array)
#40 D:/laragon/www/datnv2/DuAn_TN/vendor/laravel/framework/src/Illuminate/View/View.php(207): Livewire/Mechanisms/ExtendBlade/ExtendedCompilerEngine->get('D://laragon//www//...', Array)
#41 D:/laragon/www/datnv2/DuAn_TN/vendor/laravel/framework/src/Illuminate/View/View.php(190): Illuminate/View/View->getContents()
#42 D:/laragon/www/datnv2/DuAn_TN/vendor/laravel/framework/src/Illuminate/View/View.php(159): Illuminate/View/View->renderContents()
#43 D:/laragon/www/datnv2/DuAn_TN/vendor/livewire/livewire/src/Mechanisms/HandleComponents/HandleComponents.php(285): Illuminate/View/View->render(Object(Closure))
#44 D:/laragon/www/datnv2/DuAn_TN/vendor/livewire/livewire/src/Mechanisms/HandleComponents/HandleComponents.php(326): Livewire/Mechanisms/HandleComponents/HandleComponents->Livewire/Mechanisms/HandleComponents/{closure}()
#45 D:/laragon/www/datnv2/DuAn_TN/vendor/livewire/livewire/src/Mechanisms/HandleComponents/HandleComponents.php(300): Livewire/Mechanisms/HandleComponents/HandleComponents->trackInRenderStack(Object(Filament/Pages/Dashboard), Object(Closure))
#46 D:/laragon/www/datnv2/DuAn_TN/vendor/livewire/livewire/src/Mechanisms/HandleComponents/HandleComponents.php(54): Livewire/Mechanisms/HandleComponents/HandleComponents->render(Object(Filament/Pages/Dashboard), '<div></div>')
#47 D:/laragon/www/datnv2/DuAn_TN/vendor/livewire/livewire/src/LivewireManager.php(73): Livewire/Mechanisms/HandleComponents/HandleComponents->mount('Filament//Pages//...', Array, NULL)
#48 D:/laragon/www/datnv2/DuAn_TN/vendor/livewire/livewire/src/Features/SupportPageComponents/HandlesPageComponents.php(17): Livewire/LivewireManager->mount('Filament//Pages//...', Array)
#49 D:/laragon/www/datnv2/DuAn_TN/vendor/livewire/livewire/src/Features/SupportPageComponents/SupportPageComponents.php(117): Livewire/Component->Livewire/Features/SupportPageComponents/{closure}()
#50 D:/laragon/www/datnv2/DuAn_TN/vendor/livewire/livewire/src/Features/SupportPageComponents/HandlesPageComponents.php(18): Livewire/Features/SupportPageComponents/SupportPageComponents::interceptTheRenderOfTheComponentAndRetreiveTheLayoutConfiguration(Object(Closure))
#51 D:/laragon/www/datnv2/DuAn_TN/vendor/laravel/framework/src/Illuminate/Routing/ControllerDispatcher.php(46): Livewire/Component->__invoke()
#52 D:/laragon/www/datnv2/DuAn_TN/vendor/laravel/framework/src/Illuminate/Routing/Route.php(260): Illuminate/Routing/ControllerDispatcher->dispatch(Object(Illuminate/Routing/Route), Object(Filament/Pages/Dashboard), '__invoke')
#53 D:/laragon/www/datnv2/DuAn_TN/vendor/laravel/framework/src/Illuminate/Routing/Route.php(205): Illuminate/Routing/Route->runController()
#54 D:/laragon/www/datnv2/DuAn_TN/vendor/laravel/framework/src/Illuminate/Routing/Router.php(806): Illuminate/Routing/Route->run()
#55 D:/laragon/www/datnv2/DuAn_TN/vendor/laravel/framework/src/Illuminate/Pipeline/Pipeline.php(144): Illuminate/Routing/Router->Illuminate/Routing/{closure}(Object(Illuminate/Http/Request))
#56 D:/laragon/www/datnv2/DuAn_TN/vendor/filament/filament/src/Http/Middleware/DispatchServingFilamentEvent.php(15): Illuminate/Pipeline/Pipeline->Illuminate/Pipeline/{closure}(Object(Illuminate/Http/Request))
#57 D:/laragon/www/datnv2/DuAn_TN/vendor/laravel/framework/src/Illuminate/Pipeline/Pipeline.php(183): Filament/Http/Middleware/DispatchServingFilamentEvent->handle(Object(Illuminate/Http/Request), Object(Closure))
#58 D:/laragon/www/datnv2/DuAn_TN/vendor/filament/filament/src/Http/Middleware/DisableBladeIconComponents.php(14): Illuminate/Pipeline/Pipeline->Illuminate/Pipeline/{closure}(Object(Illuminate/Http/Request))
#59 D:/laragon/www/datnv2/DuAn_TN/vendor/laravel/framework/src/Illuminate/Pipeline/Pipeline.php(183): Filament/Http/Middleware/DisableBladeIconComponents->handle(Object(Illuminate/Http/Request), Object(Closure))
#60 D:/laragon/www/datnv2/DuAn_TN/vendor/laravel/framework/src/Illuminate/Routing/Middleware/SubstituteBindings.php(50): Illuminate/Pipeline/Pipeline->Illuminate/Pipeline/{closure}(Object(Illuminate/Http/Request))
#61 D:/laragon/www/datnv2/DuAn_TN/vendor/laravel/framework/src/Illuminate/Pipeline/Pipeline.php(183): Illuminate/Routing/Middleware/SubstituteBindings->handle(Object(Illuminate/Http/Request), Object(Closure))
#62 D:/laragon/www/datnv2/DuAn_TN/vendor/laravel/framework/src/Illuminate/Foundation/Http/Middleware/VerifyCsrfToken.php(78): Illuminate/Pipeline/Pipeline->Illuminate/Pipeline/{closure}(Object(Illuminate/Http/Request))
#63 D:/laragon/www/datnv2/DuAn_TN/vendor/laravel/framework/src/Illuminate/Pipeline/Pipeline.php(183): Illuminate/Foundation/Http/Middleware/VerifyCsrfToken->handle(Object(Illuminate/Http/Request), Object(Closure))
#64 D:/laragon/www/datnv2/DuAn_TN/vendor/laravel/framework/src/Illuminate/Session/Middleware/AuthenticateSession.php(60): Illuminate/Pipeline/Pipeline->Illuminate/Pipeline/{closure}(Object(Illuminate/Http/Request))
#65 D:/laragon/www/datnv2/DuAn_TN/vendor/laravel/framework/src/Illuminate/Pipeline/Pipeline.php(183): Illuminate/Session/Middleware/AuthenticateSession->handle(Object(Illuminate/Http/Request), Object(Closure))
#66 D:/laragon/www/datnv2/DuAn_TN/vendor/laravel/framework/src/Illuminate/Auth/Middleware/Authenticate.php(57): Illuminate/Pipeline/Pipeline->Illuminate/Pipeline/{closure}(Object(Illuminate/Http/Request))
#67 D:/laragon/www/datnv2/DuAn_TN/vendor/laravel/framework/src/Illuminate/Pipeline/Pipeline.php(183): Illuminate/Auth/Middleware/Authenticate->handle(Object(Illuminate/Http/Request), Object(Closure))
#68 D:/laragon/www/datnv2/DuAn_TN/vendor/laravel/framework/src/Illuminate/View/Middleware/ShareErrorsFromSession.php(49): Illuminate/Pipeline/Pipeline->Illuminate/Pipeline/{closure}(Object(Illuminate/Http/Request))
#69 D:/laragon/www/datnv2/DuAn_TN/vendor/laravel/framework/src/Illuminate/Pipeline/Pipeline.php(183): Illuminate/View/Middleware/ShareErrorsFromSession->handle(Object(Illuminate/Http/Request), Object(Closure))
#70 D:/laragon/www/datnv2/DuAn_TN/vendor/laravel/framework/src/Illuminate/Session/Middleware/StartSession.php(121): Illuminate/Pipeline/Pipeline->Illuminate/Pipeline/{closure}(Object(Illuminate/Http/Request))
#71 D:/laragon/www/datnv2/DuAn_TN/vendor/laravel/framework/src/Illuminate/Session/Middleware/StartSession.php(64): Illuminate/Session/Middleware/StartSession->handleStatefulRequest(Object(Illuminate/Http/Request), Object(Illuminate/Session/Store), Object(Closure))
#72 D:/laragon/www/datnv2/DuAn_TN/vendor/laravel/framework/src/Illuminate/Pipeline/Pipeline.php(183): Illuminate/Session/Middleware/StartSession->handle(Object(Illuminate/Http/Request), Object(Closure))
#73 D:/laragon/www/datnv2/DuAn_TN/vendor/laravel/framework/src/Illuminate/Cookie/Middleware/AddQueuedCookiesToResponse.php(37): Illuminate/Pipeline/Pipeline->Illuminate/Pipeline/{closure}(Object(Illuminate/Http/Request))
#74 D:/laragon/www/datnv2/DuAn_TN/vendor/laravel/framework/src/Illuminate/Pipeline/Pipeline.php(183): Illuminate/Cookie/Middleware/AddQueuedCookiesToResponse->handle(Object(Illuminate/Http/Request), Object(Closure))
#75 D:/laragon/www/datnv2/DuAn_TN/vendor/laravel/framework/src/Illuminate/Cookie/Middleware/EncryptCookies.php(67): Illuminate/Pipeline/Pipeline->Illuminate/Pipeline/{closure}(Object(Illuminate/Http/Request))
#76 D:/laragon/www/datnv2/DuAn_TN/vendor/laravel/framework/src/Illuminate/Pipeline/Pipeline.php(183): Illuminate/Cookie/Middleware/EncryptCookies->handle(Object(Illuminate/Http/Request), Object(Closure))
#77 D:/laragon/www/datnv2/DuAn_TN/vendor/filament/filament/src/Http/Middleware/SetUpPanel.php(19): Illuminate/Pipeline/Pipeline->Illuminate/Pipeline/{closure}(Object(Illuminate/Http/Request))
#78 D:/laragon/www/datnv2/DuAn_TN/vendor/laravel/framework/src/Illuminate/Pipeline/Pipeline.php(183): Filament/Http/Middleware/SetUpPanel->handle(Object(Illuminate/Http/Request), Object(Closure), Object(Filament/Panel))
#79 D:/laragon/www/datnv2/DuAn_TN/vendor/laravel/framework/src/Illuminate/Pipeline/Pipeline.php(119): Illuminate/Pipeline/Pipeline->Illuminate/Pipeline/{closure}(Object(Illuminate/Http/Request))
#80 D:/laragon/www/datnv2/DuAn_TN/vendor/laravel/framework/src/Illuminate/Routing/Router.php(807): Illuminate/Pipeline/Pipeline->then(Object(Closure))
#81 D:/laragon/www/datnv2/DuAn_TN/vendor/laravel/framework/src/Illuminate/Routing/Router.php(784): Illuminate/Routing/Router->runRouteWithinStack(Object(Illuminate/Routing/Route), Object(Illuminate/Http/Request))
#82 D:/laragon/www/datnv2/DuAn_TN/vendor/laravel/framework/src/Illuminate/Routing/Router.php(748): Illuminate/Routing/Router->runRoute(Object(Illuminate/Http/Request), Object(Illuminate/Routing/Route))
#83 D:/laragon/www/datnv2/DuAn_TN/vendor/laravel/framework/src/Illuminate/Routing/Router.php(737): Illuminate/Routing/Router->dispatchToRoute(Object(Illuminate/Http/Request))
#84 D:/laragon/www/datnv2/DuAn_TN/vendor/laravel/framework/src/Illuminate/Foundation/Http/Kernel.php(200): Illuminate/Routing/Router->dispatch(Object(Illuminate/Http/Request))
#85 D:/laragon/www/datnv2/DuAn_TN/vendor/laravel/framework/src/Illuminate/Pipeline/Pipeline.php(144): Illuminate/Foundation/Http/Kernel->Illuminate/Foundation/Http/{closure}(Object(Illuminate/Http/Request))
#86 D:/laragon/www/datnv2/DuAn_TN/vendor/livewire/livewire/src/Features/SupportDisablingBackButtonCache/DisableBackButtonCacheMiddleware.php(19): Illuminate/Pipeline/Pipeline->Illuminate/Pipeline/{closure}(Object(Illuminate/Http/Request))
#87 D:/laragon/www/datnv2/DuAn_TN/vendor/laravel/framework/src/Illuminate/Pipeline/Pipeline.php(183): Livewire/Features/SupportDisablingBackButtonCache/DisableBackButtonCacheMiddleware->handle(Object(Illuminate/Http/Request), Object(Closure))
#88 D:/laragon/www/datnv2/DuAn_TN/vendor/laravel/framework/src/Illuminate/Foundation/Http/Middleware/TransformsRequest.php(21): Illuminate/Pipeline/Pipeline->Illuminate/Pipeline/{closure}(Object(Illuminate/Http/Request))
#89 D:/laragon/www/datnv2/DuAn_TN/vendor/laravel/framework/src/Illuminate/Foundation/Http/Middleware/ConvertEmptyStringsToNull.php(31): Illuminate/Foundation/Http/Middleware/TransformsRequest->handle(Object(Illuminate/Http/Request), Object(Closure))
#90 D:/laragon/www/datnv2/DuAn_TN/vendor/laravel/framework/src/Illuminate/Pipeline/Pipeline.php(183): Illuminate/Foundation/Http/Middleware/ConvertEmptyStringsToNull->handle(Object(Illuminate/Http/Request), Object(Closure))
#91 D:/laragon/www/datnv2/DuAn_TN/vendor/laravel/framework/src/Illuminate/Foundation/Http/Middleware/TransformsRequest.php(21): Illuminate/Pipeline/Pipeline->Illuminate/Pipeline/{closure}(Object(Illuminate/Http/Request))
#92 D:/laragon/www/datnv2/DuAn_TN/vendor/laravel/framework/src/Illuminate/Foundation/Http/Middleware/TrimStrings.php(40): Illuminate/Foundation/Http/Middleware/TransformsRequest->handle(Object(Illuminate/Http/Request), Object(Closure))
#93 D:/laragon/www/datnv2/DuAn_TN/vendor/laravel/framework/src/Illuminate/Pipeline/Pipeline.php(183): Illuminate/Foundation/Http/Middleware/TrimStrings->handle(Object(Illuminate/Http/Request), Object(Closure))
#94 D:/laragon/www/datnv2/DuAn_TN/vendor/laravel/framework/src/Illuminate/Foundation/Http/Middleware/ValidatePostSize.php(27): Illuminate/Pipeline/Pipeline->Illuminate/Pipeline/{closure}(Object(Illuminate/Http/Request))
#95 D:/laragon/www/datnv2/DuAn_TN/vendor/laravel/framework/src/Illuminate/Pipeline/Pipeline.php(183): Illuminate/Foundation/Http/Middleware/ValidatePostSize->handle(Object(Illuminate/Http/Request), Object(Closure))
#96 D:/laragon/www/datnv2/DuAn_TN/vendor/laravel/framework/src/Illuminate/Foundation/Http/Middleware/PreventRequestsDuringMaintenance.php(99): Illuminate/Pipeline/Pipeline->Illuminate/Pipeline/{closure}(Object(Illuminate/Http/Request))
#97 D:/laragon/www/datnv2/DuAn_TN/vendor/laravel/framework/src/Illuminate/Pipeline/Pipeline.php(183): Illuminate/Foundation/Http/Middleware/PreventRequestsDuringMaintenance->handle(Object(Illuminate/Http/Request), Object(Closure))
#98 D:/laragon/www/datnv2/DuAn_TN/vendor/laravel/framework/src/Illuminate/Http/Middleware/HandleCors.php(49): Illuminate/Pipeline/Pipeline->Illuminate/Pipeline/{closure}(Object(Illuminate/Http/Request))
#99 D:/laragon/www/datnv2/DuAn_TN/vendor/laravel/framework/src/Illuminate/Pipeline/Pipeline.php(183): Illuminate/Http/Middleware/HandleCors->handle(Object(Illuminate/Http/Request), Object(Closure))
#100 D:/laragon/www/datnv2/DuAn_TN/vendor/laravel/framework/src/Illuminate/Http/Middleware/TrustProxies.php(39): Illuminate/Pipeline/Pipeline->Illuminate/Pipeline/{closure}(Object(Illuminate/Http/Request))
#101 D:/laragon/www/datnv2/DuAn_TN/vendor/laravel/framework/src/Illuminate/Pipeline/Pipeline.php(183): Illuminate/Http/Middleware/TrustProxies->handle(Object(Illuminate/Http/Request), Object(Closure))
#102 D:/laragon/www/datnv2/DuAn_TN/vendor/laravel/framework/src/Illuminate/Pipeline/Pipeline.php(119): Illuminate/Pipeline/Pipeline->Illuminate/Pipeline/{closure}(Object(Illuminate/Http/Request))
#103 D:/laragon/www/datnv2/DuAn_TN/vendor/laravel/framework/src/Illuminate/Foundation/Http/Kernel.php(175): Illuminate/Pipeline/Pipeline->then(Object(Closure))
#104 D:/laragon/www/datnv2/DuAn_TN/vendor/laravel/framework/src/Illuminate/Foundation/Http/Kernel.php(144): Illuminate/Foundation/Http/Kernel->sendRequestThroughRouter(Object(Illuminate/Http/Request))
#105 D:/laragon/www/datnv2/DuAn_TN/public/index.php(52): Illuminate/Foundation/Http/Kernel->handle(Object(Illuminate/Http/Request))
#106 D:/laragon/www/datnv2/DuAn_TN/vendor/laravel/framework/src/Illuminate/Foundation/resources/server.php(16): require_once('D://laragon//www//...')
#107 {main}
"} 
[2026-05-26 06:26:16] local.ERROR: Route [login] not defined. {"exception":"[object] (Symfony\\Component\\Routing\\Exception\\RouteNotFoundException(code: 0): Route [login] not defined. at D:/laragon/www/datnv2/DuAn_TN/vendor/laravel/framework/src/Illuminate/Routing/UrlGenerator.php:477)
[stacktrace]
#0 D:/laragon/www/datnv2/DuAn_TN/vendor/laravel/framework/src/Illuminate/Foundation/helpers.php(811): Illuminate/Routing/UrlGenerator->route('login', Array, true)
#1 D:/laragon/www/datnv2/DuAn_TN/app/Http/Middleware/Authenticate.php(15): route('login')
#2 D:/laragon/www/datnv2/DuAn_TN/vendor/laravel/framework/src/Illuminate/Auth/Middleware/Authenticate.php(96): App/Http/Middleware/Authenticate->redirectTo(Object(Illuminate/Http/Request))
#3 D:/laragon/www/datnv2/DuAn_TN/vendor/laravel/framework/src/Illuminate/Auth/Middleware/Authenticate.php(81): Illuminate/Auth/Middleware/Authenticate->unauthenticated(Object(Illuminate/Http/Request), Array)
#4 D:/laragon/www/datnv2/DuAn_TN/vendor/laravel/framework/src/Illuminate/Auth/Middleware/Authenticate.php(55): Illuminate/Auth/Middleware/Authenticate->authenticate(Object(Illuminate/Http/Request), Array)
#5 D:/laragon/www/datnv2/DuAn_TN/vendor/laravel/framework/src/Illuminate/Pipeline/Pipeline.php(183): Illuminate/Auth/Middleware/Authenticate->handle(Object(Illuminate/Http/Request), Object(Closure))
#6 D:/laragon/www/datnv2/DuAn_TN/vendor/laravel/framework/src/Illuminate/Foundation/Http/Middleware/VerifyCsrfToken.php(78): Illuminate/Pipeline/Pipeline->Illuminate/Pipeline/{closure}(Object(Illuminate/Http/Request))
#7 D:/laragon/www/datnv2/DuAn_TN/vendor/laravel/framework/src/Illuminate/Pipeline/Pipeline.php(183): Illuminate/Foundation/Http/Middleware/VerifyCsrfToken->handle(Object(Illuminate/Http/Request), Object(Closure))
#8 D:/laragon/www/datnv2/DuAn_TN/vendor/laravel/framework/src/Illuminate/View/Middleware/ShareErrorsFromSession.php(49): Illuminate/Pipeline/Pipeline->Illuminate/Pipeline/{closure}(Object(Illuminate/Http/Request))
#9 D:/laragon/www/datnv2/DuAn_TN/vendor/laravel/framework/src/Illuminate/Pipeline/Pipeline.php(183): Illuminate/View/Middleware/ShareErrorsFromSession->handle(Object(Illuminate/Http/Request), Object(Closure))
#10 D:/laragon/www/datnv2/DuAn_TN/vendor/laravel/framework/src/Illuminate/Session/Middleware/StartSession.php(121): Illuminate/Pipeline/Pipeline->Illuminate/Pipeline/{closure}(Object(Illuminate/Http/Request))
#11 D:/laragon/www/datnv2/DuAn_TN/vendor/laravel/framework/src/Illuminate/Session/Middleware/StartSession.php(64): Illuminate/Session/Middleware/StartSession->handleStatefulRequest(Object(Illuminate/Http/Request), Object(Illuminate/Session/Store), Object(Closure))
#12 D:/laragon/www/datnv2/DuAn_TN/vendor/laravel/framework/src/Illuminate/Pipeline/Pipeline.php(183): Illuminate/Session/Middleware/StartSession->handle(Object(Illuminate/Http/Request), Object(Closure))
#13 D:/laragon/www/datnv2/DuAn_TN/vendor/laravel/framework/src/Illuminate/Cookie/Middleware/AddQueuedCookiesToResponse.php(37): Illuminate/Pipeline/Pipeline->Illuminate/Pipeline/{closure}(Object(Illuminate/Http/Request))
#14 D:/laragon/www/datnv2/DuAn_TN/vendor/laravel/framework/src/Illuminate/Pipeline/Pipeline.php(183): Illuminate/Cookie/Middleware/AddQueuedCookiesToResponse->handle(Object(Illuminate/Http/Request), Object(Closure))
#15 D:/laragon/www/datnv2/DuAn_TN/vendor/laravel/framework/src/Illuminate/Cookie/Middleware/EncryptCookies.php(67): Illuminate/Pipeline/Pipeline->Illuminate/Pipeline/{closure}(Object(Illuminate/Http/Request))
#16 D:/laragon/www/datnv2/DuAn_TN/vendor/laravel/framework/src/Illuminate/Pipeline/Pipeline.php(183): Illuminate/Cookie/Middleware/EncryptCookies->handle(Object(Illuminate/Http/Request), Object(Closure))
#17 D:/laragon/www/datnv2/DuAn_TN/vendor/laravel/framework/src/Illuminate/Pipeline/Pipeline.php(119): Illuminate/Pipeline/Pipeline->Illuminate/Pipeline/{closure}(Object(Illuminate/Http/Request))
#18 D:/laragon/www/datnv2/DuAn_TN/vendor/laravel/framework/src/Illuminate/Routing/Router.php(807): Illuminate/Pipeline/Pipeline->then(Object(Closure))
#19 D:/laragon/www/datnv2/DuAn_TN/vendor/laravel/framework/src/Illuminate/Routing/Router.php(784): Illuminate/Routing/Router->runRouteWithinStack(Object(Illuminate/Routing/Route), Object(Illuminate/Http/Request))
#20 D:/laragon/www/datnv2/DuAn_TN/vendor/laravel/framework/src/Illuminate/Routing/Router.php(748): Illuminate/Routing/Router->runRoute(Object(Illuminate/Http/Request), Object(Illuminate/Routing/Route))
#21 D:/laragon/www/datnv2/DuAn_TN/vendor/laravel/framework/src/Illuminate/Routing/Router.php(737): Illuminate/Routing/Router->dispatchToRoute(Object(Illuminate/Http/Request))
#22 D:/laragon/www/datnv2/DuAn_TN/vendor/laravel/framework/src/Illuminate/Foundation/Http/Kernel.php(200): Illuminate/Routing/Router->dispatch(Object(Illuminate/Http/Request))
#23 D:/laragon/www/datnv2/DuAn_TN/vendor/laravel/framework/src/Illuminate/Pipeline/Pipeline.php(144): Illuminate/Foundation/Http/Kernel->Illuminate/Foundation/Http/{closure}(Object(Illuminate/Http/Request))
#24 D:/laragon/www/datnv2/DuAn_TN/vendor/livewire/livewire/src/Features/SupportDisablingBackButtonCache/DisableBackButtonCacheMiddleware.php(19): Illuminate/Pipeline/Pipeline->Illuminate/Pipeline/{closure}(Object(Illuminate/Http/Request))
#25 D:/laragon/www/datnv2/DuAn_TN/vendor/laravel/framework/src/Illuminate/Pipeline/Pipeline.php(183): Livewire/Features/SupportDisablingBackButtonCache/DisableBackButtonCacheMiddleware->handle(Object(Illuminate/Http/Request), Object(Closure))
#26 D:/laragon/www/datnv2/DuAn_TN/vendor/laravel/framework/src/Illuminate/Foundation/Http/Middleware/TransformsRequest.php(21): Illuminate/Pipeline/Pipeline->Illuminate/Pipeline/{closure}(Object(Illuminate/Http/Request))
#27 D:/laragon/www/datnv2/DuAn_TN/vendor/laravel/framework/src/Illuminate/Foundation/Http/Middleware/ConvertEmptyStringsToNull.php(31): Illuminate/Foundation/Http/Middleware/TransformsRequest->handle(Object(Illuminate/Http/Request), Object(Closure))
#28 D:/laragon/www/datnv2/DuAn_TN/vendor/laravel/framework/src/Illuminate/Pipeline/Pipeline.php(183): Illuminate/Foundation/Http/Middleware/ConvertEmptyStringsToNull->handle(Object(Illuminate/Http/Request), Object(Closure))
#29 D:/laragon/www/datnv2/DuAn_TN/vendor/laravel/framework/src/Illuminate/Foundation/Http/Middleware/TransformsRequest.php(21): Illuminate/Pipeline/Pipeline->Illuminate/Pipeline/{closure}(Object(Illuminate/Http/Request))
#30 D:/laragon/www/datnv2/DuAn_TN/vendor/laravel/framework/src/Illuminate/Foundation/Http/Middleware/TrimStrings.php(40): Illuminate/Foundation/Http/Middleware/TransformsRequest->handle(Object(Illuminate/Http/Request), Object(Closure))
#31 D:/laragon/www/datnv2/DuAn_TN/vendor/laravel/framework/src/Illuminate/Pipeline/Pipeline.php(183): Illuminate/Foundation/Http/Middleware/TrimStrings->handle(Object(Illuminate/Http/Request), Object(Closure))
#32 D:/laragon/www/datnv2/DuAn_TN/vendor/laravel/framework/src/Illuminate/Foundation/Http/Middleware/ValidatePostSize.php(27): Illuminate/Pipeline/Pipeline->Illuminate/Pipeline/{closure}(Object(Illuminate/Http/Request))
#33 D:/laragon/www/datnv2/DuAn_TN/vendor/laravel/framework/src/Illuminate/Pipeline/Pipeline.php(183): Illuminate/Foundation/Http/Middleware/ValidatePostSize->handle(Object(Illuminate/Http/Request), Object(Closure))
#34 D:/laragon/www/datnv2/DuAn_TN/vendor/laravel/framework/src/Illuminate/Foundation/Http/Middleware/PreventRequestsDuringMaintenance.php(99): Illuminate/Pipeline/Pipeline->Illuminate/Pipeline/{closure}(Object(Illuminate/Http/Request))
#35 D:/laragon/www/datnv2/DuAn_TN/vendor/laravel/framework/src/Illuminate/Pipeline/Pipeline.php(183): Illuminate/Foundation/Http/Middleware/PreventRequestsDuringMaintenance->handle(Object(Illuminate/Http/Request), Object(Closure))
#36 D:/laragon/www/datnv2/DuAn_TN/vendor/laravel/framework/src/Illuminate/Http/Middleware/HandleCors.php(49): Illuminate/Pipeline/Pipeline->Illuminate/Pipeline/{closure}(Object(Illuminate/Http/Request))
#37 D:/laragon/www/datnv2/DuAn_TN/vendor/laravel/framework/src/Illuminate/Pipeline/Pipeline.php(183): Illuminate/Http/Middleware/HandleCors->handle(Object(Illuminate/Http/Request), Object(Closure))
#38 D:/laragon/www/datnv2/DuAn_TN/vendor/laravel/framework/src/Illuminate/Http/Middleware/TrustProxies.php(39): Illuminate/Pipeline/Pipeline->Illuminate/Pipeline/{closure}(Object(Illuminate/Http/Request))
#39 D:/laragon/www/datnv2/DuAn_TN/vendor/laravel/framework/src/Illuminate/Pipeline/Pipeline.php(183): Illuminate/Http/Middleware/TrustProxies->handle(Object(Illuminate/Http/Request), Object(Closure))
#40 D:/laragon/www/datnv2/DuAn_TN/vendor/laravel/framework/src/Illuminate/Pipeline/Pipeline.php(119): Illuminate/Pipeline/Pipeline->Illuminate/Pipeline/{closure}(Object(Illuminate/Http/Request))
#41 D:/laragon/www/datnv2/DuAn_TN/vendor/laravel/framework/src/Illuminate/Foundation/Http/Kernel.php(175): Illuminate/Pipeline/Pipeline->then(Object(Closure))
#42 D:/laragon/www/datnv2/DuAn_TN/vendor/laravel/framework/src/Illuminate/Foundation/Http/Kernel.php(144): Illuminate/Foundation/Http/Kernel->sendRequestThroughRouter(Object(Illuminate/Http/Request))
#43 D:/laragon/www/datnv2/DuAn_TN/public/index.php(52): Illuminate/Foundation/Http/Kernel->handle(Object(Illuminate/Http/Request))
#44 D:/laragon/www/datnv2/DuAn_TN/vendor/laravel/framework/src/Illuminate/Foundation/resources/server.php(16): require_once('D://laragon//www//...')
#45 {main}
"} 
[2026-05-27 03:12:47] local.ERROR: PHP Parse error: Syntax error, unexpected T_NS_SEPARATOR on line 2 {"exception":"[object] (Psy\\Exception\\ParseErrorException(code: 0): PHP Parse error: Syntax error, unexpected T_NS_SEPARATOR on line 2 at D:/laragon/www/datnv2/DuAn_TN/vendor/psy/psysh/src/Exception/ParseErrorException.php:44)
[stacktrace]
#0 D:/laragon/www/datnv2/DuAn_TN/vendor/psy/psysh/src/CodeCleaner.php(657): Psy/Exception/ParseErrorException::fromParseError(Object(PhpParser/Error))
#1 D:/laragon/www/datnv2/DuAn_TN/vendor/psy/psysh/src/CodeCleaner.php(273): Psy/CodeCleaner->parse('<?php /n// = App//...', false)
#2 D:/laragon/www/datnv2/DuAn_TN/vendor/psy/psysh/src/Shell.php(1358): Psy/CodeCleaner->clean(Array, false)
#3 D:/laragon/www/datnv2/DuAn_TN/vendor/psy/psysh/src/Shell.php(1465): Psy/Shell->appendCode('/n// = App//Models...', true, false)
#4 D:/laragon/www/datnv2/DuAn_TN/vendor/psy/psysh/src/Shell.php(2173): Psy/Shell->setCode('/n// = App//Models...', true)
#5 D:/laragon/www/datnv2/DuAn_TN/vendor/laravel/tinker/src/Console/TinkerCommand.php(77): Psy/Shell->execute('/n// = App//Models...')
#6 D:/laragon/www/datnv2/DuAn_TN/vendor/laravel/framework/src/Illuminate/Container/BoundMethod.php(36): Laravel/Tinker/Console/TinkerCommand->handle()
#7 D:/laragon/www/datnv2/DuAn_TN/vendor/laravel/framework/src/Illuminate/Container/Util.php(41): Illuminate/Container/BoundMethod::Illuminate/Container/{closure}()
#8 D:/laragon/www/datnv2/DuAn_TN/vendor/laravel/framework/src/Illuminate/Container/BoundMethod.php(93): Illuminate/Container/Util::unwrapIfClosure(Object(Closure))
#9 D:/laragon/www/datnv2/DuAn_TN/vendor/laravel/framework/src/Illuminate/Container/BoundMethod.php(37): Illuminate/Container/BoundMethod::callBoundMethod(Object(Illuminate/Foundation/Application), Array, Object(Closure))
#10 D:/laragon/www/datnv2/DuAn_TN/vendor/laravel/framework/src/Illuminate/Container/Container.php(662): Illuminate/Container/BoundMethod::call(Object(Illuminate/Foundation/Application), Array, Array, NULL)
#11 D:/laragon/www/datnv2/DuAn_TN/vendor/laravel/framework/src/Illuminate/Console/Command.php(211): Illuminate/Container/Container->call(Array)
#12 D:/laragon/www/datnv2/DuAn_TN/vendor/symfony/console/Command/Command.php(326): Illuminate/Console/Command->execute(Object(Symfony/Component/Console/Input/ArgvInput), Object(Illuminate/Console/OutputStyle))
#13 D:/laragon/www/datnv2/DuAn_TN/vendor/laravel/framework/src/Illuminate/Console/Command.php(181): Symfony/Component/Console/Command/Command->run(Object(Symfony/Component/Console/Input/ArgvInput), Object(Illuminate/Console/OutputStyle))
#14 D:/laragon/www/datnv2/DuAn_TN/vendor/symfony/console/Application.php(1121): Illuminate/Console/Command->run(Object(Symfony/Component/Console/Input/ArgvInput), Object(Symfony/Component/Console/Output/ConsoleOutput))
#15 D:/laragon/www/datnv2/DuAn_TN/vendor/symfony/console/Application.php(324): Symfony/Component/Console/Application->doRunCommand(Object(Laravel/Tinker/Console/TinkerCommand), Object(Symfony/Component/Console/Input/ArgvInput), Object(Symfony/Component/Console/Output/ConsoleOutput))
#16 D:/laragon/www/datnv2/DuAn_TN/vendor/symfony/console/Application.php(175): Symfony/Component/Console/Application->doRun(Object(Symfony/Component/Console/Input/ArgvInput), Object(Symfony/Component/Console/Output/ConsoleOutput))
#17 D:/laragon/www/datnv2/DuAn_TN/vendor/laravel/framework/src/Illuminate/Foundation/Console/Kernel.php(201): Symfony/Component/Console/Application->run(Object(Symfony/Component/Console/Input/ArgvInput), Object(Symfony/Component/Console/Output/ConsoleOutput))
#18 D:/laragon/www/datnv2/DuAn_TN/artisan(37): Illuminate/Foundation/Console/Kernel->handle(Object(Symfony/Component/Console/Input/ArgvInput), Object(Symfony/Component/Console/Output/ConsoleOutput))
#19 {main}
"} 
[2026-05-27 08:02:11] local.ERROR: SQLSTATE[HY000] [2002] No connection could be made because the target machine actively refused it (Connection: mysql, SQL: select * from `locations` where `status` = published) {"exception":"[object] (Illuminate\\Database\\QueryException(code: 2002): SQLSTATE[HY000] [2002] No connection could be made because the target machine actively refused it (Connection: mysql, SQL: select * from `locations` where `status` = published) at D:/laragon/www/datnv2/DuAn_TN/vendor/laravel/framework/src/Illuminate/Database/Connection.php:829)
[stacktrace]
#0 D:/laragon/www/datnv2/DuAn_TN/vendor/laravel/framework/src/Illuminate/Database/Connection.php(983): Illuminate/Database/Connection->runQueryCallback('select * from `...', Array, Object(Closure))
#1 D:/laragon/www/datnv2/DuAn_TN/vendor/laravel/framework/src/Illuminate/Database/Connection.php(963): Illuminate/Database/Connection->tryAgainIfCausedByLostConnection(Object(Illuminate/Database/QueryException), 'select * from `...', Array, Object(Closure))
#2 D:/laragon/www/datnv2/DuAn_TN/vendor/laravel/framework/src/Illuminate/Database/Connection.php(786): Illuminate/Database/Connection->handleQueryException(Object(Illuminate/Database/QueryException), 'select * from `...', Array, Object(Closure))
#3 D:/laragon/www/datnv2/DuAn_TN/vendor/laravel/framework/src/Illuminate/Database/Connection.php(431): Illuminate/Database/Connection->run('select * from `...', Array, Object(Closure))
#4 D:/laragon/www/datnv2/DuAn_TN/vendor/laravel/framework/src/Illuminate/Database/Query/Builder.php(2914): Illuminate/Database/Connection->select('select * from `...', Array, true)
#5 D:/laragon/www/datnv2/DuAn_TN/vendor/laravel/framework/src/Illuminate/Database/Query/Builder.php(2902): Illuminate/Database/Query/Builder->runSelect()
#6 D:/laragon/www/datnv2/DuAn_TN/vendor/laravel/framework/src/Illuminate/Database/Query/Builder.php(3456): Illuminate/Database/Query/Builder->Illuminate/Database/Query/{closure}()
#7 D:/laragon/www/datnv2/DuAn_TN/vendor/laravel/framework/src/Illuminate/Database/Query/Builder.php(2903): Illuminate/Database/Query/Builder->onceWithColumns(Array, Object(Closure))
#8 D:/laragon/www/datnv2/DuAn_TN/vendor/laravel/framework/src/Illuminate/Database/Eloquent/Builder.php(739): Illuminate/Database/Query/Builder->get(Array)
#9 D:/laragon/www/datnv2/DuAn_TN/vendor/laravel/framework/src/Illuminate/Database/Eloquent/Builder.php(723): Illuminate/Database/Eloquent/Builder->getModels(Array)
#10 D:/laragon/www/datnv2/DuAn_TN/routes/web.php(18): Illuminate/Database/Eloquent/Builder->get()
#11 D:/laragon/www/datnv2/DuAn_TN/vendor/laravel/framework/src/Illuminate/Routing/CallableDispatcher.php(40): Illuminate/Routing/RouteFileRegistrar->{closure}()
#12 D:/laragon/www/datnv2/DuAn_TN/vendor/laravel/framework/src/Illuminate/Routing/Route.php(237): Illuminate/Routing/CallableDispatcher->dispatch(Object(Illuminate/Routing/Route), Object(Closure))
#13 D:/laragon/www/datnv2/DuAn_TN/vendor/laravel/framework/src/Illuminate/Routing/Route.php(208): Illuminate/Routing/Route->runCallable()
#14 D:/laragon/www/datnv2/DuAn_TN/vendor/laravel/framework/src/Illuminate/Routing/Router.php(806): Illuminate/Routing/Route->run()
#15 D:/laragon/www/datnv2/DuAn_TN/vendor/laravel/framework/src/Illuminate/Pipeline/Pipeline.php(144): Illuminate/Routing/Router->Illuminate/Routing/{closure}(Object(Illuminate/Http/Request))
#16 D:/laragon/www/datnv2/DuAn_TN/vendor/laravel/framework/src/Illuminate/Routing/Middleware/SubstituteBindings.php(50): Illuminate/Pipeline/Pipeline->Illuminate/Pipeline/{closure}(Object(Illuminate/Http/Request))
#17 D:/laragon/www/datnv2/DuAn_TN/vendor/laravel/framework/src/Illuminate/Pipeline/Pipeline.php(183): Illuminate/Routing/Middleware/SubstituteBindings->handle(Object(Illuminate/Http/Request), Object(Closure))
#18 D:/laragon/www/datnv2/DuAn_TN/vendor/laravel/framework/src/Illuminate/Foundation/Http/Middleware/VerifyCsrfToken.php(78): Illuminate/Pipeline/Pipeline->Illuminate/Pipeline/{closure}(Object(Illuminate/Http/Request))
#19 D:/laragon/www/datnv2/DuAn_TN/vendor/laravel/framework/src/Illuminate/Pipeline/Pipeline.php(183): Illuminate/Foundation/Http/Middleware/VerifyCsrfToken->handle(Object(Illuminate/Http/Request), Object(Closure))
#20 D:/laragon/www/datnv2/DuAn_TN/vendor/laravel/framework/src/Illuminate/View/Middleware/ShareErrorsFromSession.php(49): Illuminate/Pipeline/Pipeline->Illuminate/Pipeline/{closure}(Object(Illuminate/Http/Request))
#21 D:/laragon/www/datnv2/DuAn_TN/vendor/laravel/framework/src/Illuminate/Pipeline/Pipeline.php(183): Illuminate/View/Middleware/ShareErrorsFromSession->handle(Object(Illuminate/Http/Request), Object(Closure))
#22 D:/laragon/www/datnv2/DuAn_TN/vendor/laravel/framework/src/Illuminate/Session/Middleware/StartSession.php(121): Illuminate/Pipeline/Pipeline->Illuminate/Pipeline/{closure}(Object(Illuminate/Http/Request))
#23 D:/laragon/www/datnv2/DuAn_TN/vendor/laravel/framework/src/Illuminate/Session/Middleware/StartSession.php(64): Illuminate/Session/Middleware/StartSession->handleStatefulRequest(Object(Illuminate/Http/Request), Object(Illuminate/Session/Store), Object(Closure))
#24 D:/laragon/www/datnv2/DuAn_TN/vendor/laravel/framework/src/Illuminate/Pipeline/Pipeline.php(183): Illuminate/Session/Middleware/StartSession->handle(Object(Illuminate/Http/Request), Object(Closure))
#25 D:/laragon/www/datnv2/DuAn_TN/vendor/laravel/framework/src/Illuminate/Cookie/Middleware/AddQueuedCookiesToResponse.php(37): Illuminate/Pipeline/Pipeline->Illuminate/Pipeline/{closure}(Object(Illuminate/Http/Request))
#26 D:/laragon/www/datnv2/DuAn_TN/vendor/laravel/framework/src/Illuminate/Pipeline/Pipeline.php(183): Illuminate/Cookie/Middleware/AddQueuedCookiesToResponse->handle(Object(Illuminate/Http/Request), Object(Closure))
#27 D:/laragon/www/datnv2/DuAn_TN/vendor/laravel/framework/src/Illuminate/Cookie/Middleware/EncryptCookies.php(67): Illuminate/Pipeline/Pipeline->Illuminate/Pipeline/{closure}(Object(Illuminate/Http/Request))
#28 D:/laragon/www/datnv2/DuAn_TN/vendor/laravel/framework/src/Illuminate/Pipeline/Pipeline.php(183): Illuminate/Cookie/Middleware/EncryptCookies->handle(Object(Illuminate/Http/Request), Object(Closure))
#29 D:/laragon/www/datnv2/DuAn_TN/vendor/laravel/framework/src/Illuminate/Pipeline/Pipeline.php(119): Illuminate/Pipeline/Pipeline->Illuminate/Pipeline/{closure}(Object(Illuminate/Http/Request))
#30 D:/laragon/www/datnv2/DuAn_TN/vendor/laravel/framework/src/Illuminate/Routing/Router.php(807): Illuminate/Pipeline/Pipeline->then(Object(Closure))
#31 D:/laragon/www/datnv2/DuAn_TN/vendor/laravel/framework/src/Illuminate/Routing/Router.php(784): Illuminate/Routing/Router->runRouteWithinStack(Object(Illuminate/Routing/Route), Object(Illuminate/Http/Request))
#32 D:/laragon/www/datnv2/DuAn_TN/vendor/laravel/framework/src/Illuminate/Routing/Router.php(748): Illuminate/Routing/Router->runRoute(Object(Illuminate/Http/Request), Object(Illuminate/Routing/Route))
#33 D:/laragon/www/datnv2/DuAn_TN/vendor/laravel/framework/src/Illuminate/Routing/Router.php(737): Illuminate/Routing/Router->dispatchToRoute(Object(Illuminate/Http/Request))
#34 D:/laragon/www/datnv2/DuAn_TN/vendor/laravel/framework/src/Illuminate/Foundation/Http/Kernel.php(200): Illuminate/Routing/Router->dispatch(Object(Illuminate/Http/Request))
#35 D:/laragon/www/datnv2/DuAn_TN/vendor/laravel/framework/src/Illuminate/Pipeline/Pipeline.php(144): Illuminate/Foundation/Http/Kernel->Illuminate/Foundation/Http/{closure}(Object(Illuminate/Http/Request))
#36 D:/laragon/www/datnv2/DuAn_TN/vendor/livewire/livewire/src/Features/SupportDisablingBackButtonCache/DisableBackButtonCacheMiddleware.php(19): Illuminate/Pipeline/Pipeline->Illuminate/Pipeline/{closure}(Object(Illuminate/Http/Request))
#37 D:/laragon/www/datnv2/DuAn_TN/vendor/laravel/framework/src/Illuminate/Pipeline/Pipeline.php(183): Livewire/Features/SupportDisablingBackButtonCache/DisableBackButtonCacheMiddleware->handle(Object(Illuminate/Http/Request), Object(Closure))
#38 D:/laragon/www/datnv2/DuAn_TN/vendor/laravel/framework/src/Illuminate/Foundation/Http/Middleware/TransformsRequest.php(21): Illuminate/Pipeline/Pipeline->Illuminate/Pipeline/{closure}(Object(Illuminate/Http/Request))
#39 D:/laragon/www/datnv2/DuAn_TN/vendor/laravel/framework/src/Illuminate/Foundation/Http/Middleware/ConvertEmptyStringsToNull.php(31): Illuminate/Foundation/Http/Middleware/TransformsRequest->handle(Object(Illuminate/Http/Request), Object(Closure))
#40 D:/laragon/www/datnv2/DuAn_TN/vendor/laravel/framework/src/Illuminate/Pipeline/Pipeline.php(183): Illuminate/Foundation/Http/Middleware/ConvertEmptyStringsToNull->handle(Object(Illuminate/Http/Request), Object(Closure))
#41 D:/laragon/www/datnv2/DuAn_TN/vendor/laravel/framework/src/Illuminate/Foundation/Http/Middleware/TransformsRequest.php(21): Illuminate/Pipeline/Pipeline->Illuminate/Pipeline/{closure}(Object(Illuminate/Http/Request))
#42 D:/laragon/www/datnv2/DuAn_TN/vendor/laravel/framework/src/Illuminate/Foundation/Http/Middleware/TrimStrings.php(40): Illuminate/Foundation/Http/Middleware/TransformsRequest->handle(Object(Illuminate/Http/Request), Object(Closure))
#43 D:/laragon/www/datnv2/DuAn_TN/vendor/laravel/framework/src/Illuminate/Pipeline/Pipeline.php(183): Illuminate/Foundation/Http/Middleware/TrimStrings->handle(Object(Illuminate/Http/Request), Object(Closure))
#44 D:/laragon/www/datnv2/DuAn_TN/vendor/laravel/framework/src/Illuminate/Foundation/Http/Middleware/ValidatePostSize.php(27): Illuminate/Pipeline/Pipeline->Illuminate/Pipeline/{closure}(Object(Illuminate/Http/Request))
#45 D:/laragon/www/datnv2/DuAn_TN/vendor/laravel/framework/src/Illuminate/Pipeline/Pipeline.php(183): Illuminate/Foundation/Http/Middleware/ValidatePostSize->handle(Object(Illuminate/Http/Request), Object(Closure))
#46 D:/laragon/www/datnv2/DuAn_TN/vendor/laravel/framework/src/Illuminate/Foundation/Http/Middleware/PreventRequestsDuringMaintenance.php(99): Illuminate/Pipeline/Pipeline->Illuminate/Pipeline/{closure}(Object(Illuminate/Http/Request))
#47 D:/laragon/www/datnv2/DuAn_TN/vendor/laravel/framework/src/Illuminate/Pipeline/Pipeline.php(183): Illuminate/Foundation/Http/Middleware/PreventRequestsDuringMaintenance->handle(Object(Illuminate/Http/Request), Object(Closure))
#48 D:/laragon/www/datnv2/DuAn_TN/vendor/laravel/framework/src/Illuminate/Http/Middleware/HandleCors.php(49): Illuminate/Pipeline/Pipeline->Illuminate/Pipeline/{closure}(Object(Illuminate/Http/Request))
#49 D:/laragon/www/datnv2/DuAn_TN/vendor/laravel/framework/src/Illuminate/Pipeline/Pipeline.php(183): Illuminate/Http/Middleware/HandleCors->handle(Object(Illuminate/Http/Request), Object(Closure))
#50 D:/laragon/www/datnv2/DuAn_TN/vendor/laravel/framework/src/Illuminate/Http/Middleware/TrustProxies.php(39): Illuminate/Pipeline/Pipeline->Illuminate/Pipeline/{closure}(Object(Illuminate/Http/Request))
#51 D:/laragon/www/datnv2/DuAn_TN/vendor/laravel/framework/src/Illuminate/Pipeline/Pipeline.php(183): Illuminate/Http/Middleware/TrustProxies->handle(Object(Illuminate/Http/Request), Object(Closure))
#52 D:/laragon/www/datnv2/DuAn_TN/vendor/laravel/framework/src/Illuminate/Pipeline/Pipeline.php(119): Illuminate/Pipeline/Pipeline->Illuminate/Pipeline/{closure}(Object(Illuminate/Http/Request))
#53 D:/laragon/www/datnv2/DuAn_TN/vendor/laravel/framework/src/Illuminate/Foundation/Http/Kernel.php(175): Illuminate/Pipeline/Pipeline->then(Object(Closure))
#54 D:/laragon/www/datnv2/DuAn_TN/vendor/laravel/framework/src/Illuminate/Foundation/Http/Kernel.php(144): Illuminate/Foundation/Http/Kernel->sendRequestThroughRouter(Object(Illuminate/Http/Request))
#55 D:/laragon/www/datnv2/DuAn_TN/public/index.php(52): Illuminate/Foundation/Http/Kernel->handle(Object(Illuminate/Http/Request))
#56 D:/laragon/www/datnv2/DuAn_TN/vendor/laravel/framework/src/Illuminate/Foundation/resources/server.php(16): require_once('D://laragon//www//...')
#57 {main}

[previous exception] [object] (PDOException(code: 2002): SQLSTATE[HY000] [2002] No connection could be made because the target machine actively refused it at D:/laragon/www/datnv2/DuAn_TN/vendor/laravel/framework/src/Illuminate/Database/Connectors/Connector.php:65)
[stacktrace]
#0 D:/laragon/www/datnv2/DuAn_TN/vendor/laravel/framework/src/Illuminate/Database/Connectors/Connector.php(65): PDO->__construct('mysql:host=127....', 'root', '', Array)
#1 D:/laragon/www/datnv2/DuAn_TN/vendor/laravel/framework/src/Illuminate/Database/Connectors/Connector.php(83): Illuminate/Database/Connectors/Connector->createPdoConnection('mysql:host=127....', 'root', '', Array)
#2 D:/laragon/www/datnv2/DuAn_TN/vendor/laravel/framework/src/Illuminate/Database/Connectors/Connector.php(49): Illuminate/Database/Connectors/Connector->tryAgainIfCausedByLostConnection(Object(PDOException), 'mysql:host=127....', 'root', '', Array)
#3 D:/laragon/www/datnv2/DuAn_TN/vendor/laravel/framework/src/Illuminate/Database/Connectors/MySqlConnector.php(24): Illuminate/Database/Connectors/Connector->createConnection('mysql:host=127....', Array, Array)
#4 D:/laragon/www/datnv2/DuAn_TN/vendor/laravel/framework/src/Illuminate/Database/Connectors/ConnectionFactory.php(184): Illuminate/Database/Connectors/MySqlConnector->connect(Array)
#5 [internal function]: Illuminate/Database/Connectors/ConnectionFactory->Illuminate/Database/Connectors/{closure}()
#6 D:/laragon/www/datnv2/DuAn_TN/vendor/laravel/framework/src/Illuminate/Database/Connection.php(1339): call_user_func(Object(Closure))
#7 D:/laragon/www/datnv2/DuAn_TN/vendor/laravel/framework/src/Illuminate/Database/Connection.php(1375): Illuminate/Database/Connection->getPdo()
#8 D:/laragon/www/datnv2/DuAn_TN/vendor/laravel/framework/src/Illuminate/Database/Connection.php(528): Illuminate/Database/Connection->getReadPdo()
#9 D:/laragon/www/datnv2/DuAn_TN/vendor/laravel/framework/src/Illuminate/Database/Connection.php(423): Illuminate/Database/Connection->getPdoForSelect(true)
#10 D:/laragon/www/datnv2/DuAn_TN/vendor/laravel/framework/src/Illuminate/Database/Connection.php(816): Illuminate/Database/Connection->Illuminate/Database/{closure}('select * from `...', Array)
#11 D:/laragon/www/datnv2/DuAn_TN/vendor/laravel/framework/src/Illuminate/Database/Connection.php(983): Illuminate/Database/Connection->runQueryCallback('select * from `...', Array, Object(Closure))
#12 D:/laragon/www/datnv2/DuAn_TN/vendor/laravel/framework/src/Illuminate/Database/Connection.php(963): Illuminate/Database/Connection->tryAgainIfCausedByLostConnection(Object(Illuminate/Database/QueryException), 'select * from `...', Array, Object(Closure))
#13 D:/laragon/www/datnv2/DuAn_TN/vendor/laravel/framework/src/Illuminate/Database/Connection.php(786): Illuminate/Database/Connection->handleQueryException(Object(Illuminate/Database/QueryException), 'select * from `...', Array, Object(Closure))
#14 D:/laragon/www/datnv2/DuAn_TN/vendor/laravel/framework/src/Illuminate/Database/Connection.php(431): Illuminate/Database/Connection->run('select * from `...', Array, Object(Closure))
#15 D:/laragon/www/datnv2/DuAn_TN/vendor/laravel/framework/src/Illuminate/Database/Query/Builder.php(2914): Illuminate/Database/Connection->select('select * from `...', Array, true)
#16 D:/laragon/www/datnv2/DuAn_TN/vendor/laravel/framework/src/Illuminate/Database/Query/Builder.php(2902): Illuminate/Database/Query/Builder->runSelect()
#17 D:/laragon/www/datnv2/DuAn_TN/vendor/laravel/framework/src/Illuminate/Database/Query/Builder.php(3456): Illuminate/Database/Query/Builder->Illuminate/Database/Query/{closure}()
#18 D:/laragon/www/datnv2/DuAn_TN/vendor/laravel/framework/src/Illuminate/Database/Query/Builder.php(2903): Illuminate/Database/Query/Builder->onceWithColumns(Array, Object(Closure))
#19 D:/laragon/www/datnv2/DuAn_TN/vendor/laravel/framework/src/Illuminate/Database/Eloquent/Builder.php(739): Illuminate/Database/Query/Builder->get(Array)
#20 D:/laragon/www/datnv2/DuAn_TN/vendor/laravel/framework/src/Illuminate/Database/Eloquent/Builder.php(723): Illuminate/Database/Eloquent/Builder->getModels(Array)
#21 D:/laragon/www/datnv2/DuAn_TN/routes/web.php(18): Illuminate/Database/Eloquent/Builder->get()
#22 D:/laragon/www/datnv2/DuAn_TN/vendor/laravel/framework/src/Illuminate/Routing/CallableDispatcher.php(40): Illuminate/Routing/RouteFileRegistrar->{closure}()
#23 D:/laragon/www/datnv2/DuAn_TN/vendor/laravel/framework/src/Illuminate/Routing/Route.php(237): Illuminate/Routing/CallableDispatcher->dispatch(Object(Illuminate/Routing/Route), Object(Closure))
#24 D:/laragon/www/datnv2/DuAn_TN/vendor/laravel/framework/src/Illuminate/Routing/Route.php(208): Illuminate/Routing/Route->runCallable()
#25 D:/laragon/www/datnv2/DuAn_TN/vendor/laravel/framework/src/Illuminate/Routing/Router.php(806): Illuminate/Routing/Route->run()
#26 D:/laragon/www/datnv2/DuAn_TN/vendor/laravel/framework/src/Illuminate/Pipeline/Pipeline.php(144): Illuminate/Routing/Router->Illuminate/Routing/{closure}(Object(Illuminate/Http/Request))
#27 D:/laragon/www/datnv2/DuAn_TN/vendor/laravel/framework/src/Illuminate/Routing/Middleware/SubstituteBindings.php(50): Illuminate/Pipeline/Pipeline->Illuminate/Pipeline/{closure}(Object(Illuminate/Http/Request))
#28 D:/laragon/www/datnv2/DuAn_TN/vendor/laravel/framework/src/Illuminate/Pipeline/Pipeline.php(183): Illuminate/Routing/Middleware/SubstituteBindings->handle(Object(Illuminate/Http/Request), Object(Closure))
#29 D:/laragon/www/datnv2/DuAn_TN/vendor/laravel/framework/src/Illuminate/Foundation/Http/Middleware/VerifyCsrfToken.php(78): Illuminate/Pipeline/Pipeline->Illuminate/Pipeline/{closure}(Object(Illuminate/Http/Request))
#30 D:/laragon/www/datnv2/DuAn_TN/vendor/laravel/framework/src/Illuminate/Pipeline/Pipeline.php(183): Illuminate/Foundation/Http/Middleware/VerifyCsrfToken->handle(Object(Illuminate/Http/Request), Object(Closure))
#31 D:/laragon/www/datnv2/DuAn_TN/vendor/laravel/framework/src/Illuminate/View/Middleware/ShareErrorsFromSession.php(49): Illuminate/Pipeline/Pipeline->Illuminate/Pipeline/{closure}(Object(Illuminate/Http/Request))
#32 D:/laragon/www/datnv2/DuAn_TN/vendor/laravel/framework/src/Illuminate/Pipeline/Pipeline.php(183): Illuminate/View/Middleware/ShareErrorsFromSession->handle(Object(Illuminate/Http/Request), Object(Closure))
#33 D:/laragon/www/datnv2/DuAn_TN/vendor/laravel/framework/src/Illuminate/Session/Middleware/StartSession.php(121): Illuminate/Pipeline/Pipeline->Illuminate/Pipeline/{closure}(Object(Illuminate/Http/Request))
#34 D:/laragon/www/datnv2/DuAn_TN/vendor/laravel/framework/src/Illuminate/Session/Middleware/StartSession.php(64): Illuminate/Session/Middleware/StartSession->handleStatefulRequest(Object(Illuminate/Http/Request), Object(Illuminate/Session/Store), Object(Closure))
#35 D:/laragon/www/datnv2/DuAn_TN/vendor/laravel/framework/src/Illuminate/Pipeline/Pipeline.php(183): Illuminate/Session/Middleware/StartSession->handle(Object(Illuminate/Http/Request), Object(Closure))
#36 D:/laragon/www/datnv2/DuAn_TN/vendor/laravel/framework/src/Illuminate/Cookie/Middleware/AddQueuedCookiesToResponse.php(37): Illuminate/Pipeline/Pipeline->Illuminate/Pipeline/{closure}(Object(Illuminate/Http/Request))
#37 D:/laragon/www/datnv2/DuAn_TN/vendor/laravel/framework/src/Illuminate/Pipeline/Pipeline.php(183): Illuminate/Cookie/Middleware/AddQueuedCookiesToResponse->handle(Object(Illuminate/Http/Request), Object(Closure))
#38 D:/laragon/www/datnv2/DuAn_TN/vendor/laravel/framework/src/Illuminate/Cookie/Middleware/EncryptCookies.php(67): Illuminate/Pipeline/Pipeline->Illuminate/Pipeline/{closure}(Object(Illuminate/Http/Request))
#39 D:/laragon/www/datnv2/DuAn_TN/vendor/laravel/framework/src/Illuminate/Pipeline/Pipeline.php(183): Illuminate/Cookie/Middleware/EncryptCookies->handle(Object(Illuminate/Http/Request), Object(Closure))
#40 D:/laragon/www/datnv2/DuAn_TN/vendor/laravel/framework/src/Illuminate/Pipeline/Pipeline.php(119): Illuminate/Pipeline/Pipeline->Illuminate/Pipeline/{closure}(Object(Illuminate/Http/Request))
#41 D:/laragon/www/datnv2/DuAn_TN/vendor/laravel/framework/src/Illuminate/Routing/Router.php(807): Illuminate/Pipeline/Pipeline->then(Object(Closure))
#42 D:/laragon/www/datnv2/DuAn_TN/vendor/laravel/framework/src/Illuminate/Routing/Router.php(784): Illuminate/Routing/Router->runRouteWithinStack(Object(Illuminate/Routing/Route), Object(Illuminate/Http/Request))
#43 D:/laragon/www/datnv2/DuAn_TN/vendor/laravel/framework/src/Illuminate/Routing/Router.php(748): Illuminate/Routing/Router->runRoute(Object(Illuminate/Http/Request), Object(Illuminate/Routing/Route))
#44 D:/laragon/www/datnv2/DuAn_TN/vendor/laravel/framework/src/Illuminate/Routing/Router.php(737): Illuminate/Routing/Router->dispatchToRoute(Object(Illuminate/Http/Request))
#45 D:/laragon/www/datnv2/DuAn_TN/vendor/laravel/framework/src/Illuminate/Foundation/Http/Kernel.php(200): Illuminate/Routing/Router->dispatch(Object(Illuminate/Http/Request))
#46 D:/laragon/www/datnv2/DuAn_TN/vendor/laravel/framework/src/Illuminate/Pipeline/Pipeline.php(144): Illuminate/Foundation/Http/Kernel->Illuminate/Foundation/Http/{closure}(Object(Illuminate/Http/Request))
#47 D:/laragon/www/datnv2/DuAn_TN/vendor/livewire/livewire/src/Features/SupportDisablingBackButtonCache/DisableBackButtonCacheMiddleware.php(19): Illuminate/Pipeline/Pipeline->Illuminate/Pipeline/{closure}(Object(Illuminate/Http/Request))
#48 D:/laragon/www/datnv2/DuAn_TN/vendor/laravel/framework/src/Illuminate/Pipeline/Pipeline.php(183): Livewire/Features/SupportDisablingBackButtonCache/DisableBackButtonCacheMiddleware->handle(Object(Illuminate/Http/Request), Object(Closure))
#49 D:/laragon/www/datnv2/DuAn_TN/vendor/laravel/framework/src/Illuminate/Foundation/Http/Middleware/TransformsRequest.php(21): Illuminate/Pipeline/Pipeline->Illuminate/Pipeline/{closure}(Object(Illuminate/Http/Request))
#50 D:/laragon/www/datnv2/DuAn_TN/vendor/laravel/framework/src/Illuminate/Foundation/Http/Middleware/ConvertEmptyStringsToNull.php(31): Illuminate/Foundation/Http/Middleware/TransformsRequest->handle(Object(Illuminate/Http/Request), Object(Closure))
#51 D:/laragon/www/datnv2/DuAn_TN/vendor/laravel/framework/src/Illuminate/Pipeline/Pipeline.php(183): Illuminate/Foundation/Http/Middleware/ConvertEmptyStringsToNull->handle(Object(Illuminate/Http/Request), Object(Closure))
#52 D:/laragon/www/datnv2/DuAn_TN/vendor/laravel/framework/src/Illuminate/Foundation/Http/Middleware/TransformsRequest.php(21): Illuminate/Pipeline/Pipeline->Illuminate/Pipeline/{closure}(Object(Illuminate/Http/Request))
#53 D:/laragon/www/datnv2/DuAn_TN/vendor/laravel/framework/src/Illuminate/Foundation/Http/Middleware/TrimStrings.php(40): Illuminate/Foundation/Http/Middleware/TransformsRequest->handle(Object(Illuminate/Http/Request), Object(Closure))
#54 D:/laragon/www/datnv2/DuAn_TN/vendor/laravel/framework/src/Illuminate/Pipeline/Pipeline.php(183): Illuminate/Foundation/Http/Middleware/TrimStrings->handle(Object(Illuminate/Http/Request), Object(Closure))
#55 D:/laragon/www/datnv2/DuAn_TN/vendor/laravel/framework/src/Illuminate/Foundation/Http/Middleware/ValidatePostSize.php(27): Illuminate/Pipeline/Pipeline->Illuminate/Pipeline/{closure}(Object(Illuminate/Http/Request))
#56 D:/laragon/www/datnv2/DuAn_TN/vendor/laravel/framework/src/Illuminate/Pipeline/Pipeline.php(183): Illuminate/Foundation/Http/Middleware/ValidatePostSize->handle(Object(Illuminate/Http/Request), Object(Closure))
#57 D:/laragon/www/datnv2/DuAn_TN/vendor/laravel/framework/src/Illuminate/Foundation/Http/Middleware/PreventRequestsDuringMaintenance.php(99): Illuminate/Pipeline/Pipeline->Illuminate/Pipeline/{closure}(Object(Illuminate/Http/Request))
#58 D:/laragon/www/datnv2/DuAn_TN/vendor/laravel/framework/src/Illuminate/Pipeline/Pipeline.php(183): Illuminate/Foundation/Http/Middleware/PreventRequestsDuringMaintenance->handle(Object(Illuminate/Http/Request), Object(Closure))
#59 D:/laragon/www/datnv2/DuAn_TN/vendor/laravel/framework/src/Illuminate/Http/Middleware/HandleCors.php(49): Illuminate/Pipeline/Pipeline->Illuminate/Pipeline/{closure}(Object(Illuminate/Http/Request))
#60 D:/laragon/www/datnv2/DuAn_TN/vendor/laravel/framework/src/Illuminate/Pipeline/Pipeline.php(183): Illuminate/Http/Middleware/HandleCors->handle(Object(Illuminate/Http/Request), Object(Closure))
#61 D:/laragon/www/datnv2/DuAn_TN/vendor/laravel/framework/src/Illuminate/Http/Middleware/TrustProxies.php(39): Illuminate/Pipeline/Pipeline->Illuminate/Pipeline/{closure}(Object(Illuminate/Http/Request))
#62 D:/laragon/www/datnv2/DuAn_TN/vendor/laravel/framework/src/Illuminate/Pipeline/Pipeline.php(183): Illuminate/Http/Middleware/TrustProxies->handle(Object(Illuminate/Http/Request), Object(Closure))
#63 D:/laragon/www/datnv2/DuAn_TN/vendor/laravel/framework/src/Illuminate/Pipeline/Pipeline.php(119): Illuminate/Pipeline/Pipeline->Illuminate/Pipeline/{closure}(Object(Illuminate/Http/Request))
#64 D:/laragon/www/datnv2/DuAn_TN/vendor/laravel/framework/src/Illuminate/Foundation/Http/Kernel.php(175): Illuminate/Pipeline/Pipeline->then(Object(Closure))
#65 D:/laragon/www/datnv2/DuAn_TN/vendor/laravel/framework/src/Illuminate/Foundation/Http/Kernel.php(144): Illuminate/Foundation/Http/Kernel->sendRequestThroughRouter(Object(Illuminate/Http/Request))
#66 D:/laragon/www/datnv2/DuAn_TN/public/index.php(52): Illuminate/Foundation/Http/Kernel->handle(Object(Illuminate/Http/Request))
#67 D:/laragon/www/datnv2/DuAn_TN/vendor/laravel/framework/src/Illuminate/Foundation/resources/server.php(16): require_once('D://laragon//www//...')
#68 {main}
"} 
[2026-05-28 01:12:29] local.ERROR: SQLSTATE[HY000] [2002] No connection could be made because the target machine actively refused it (Connection: mysql, SQL: select * from `locations` where `status` = published) {"exception":"[object] (Illuminate\\Database\\QueryException(code: 2002): SQLSTATE[HY000] [2002] No connection could be made because the target machine actively refused it (Connection: mysql, SQL: select * from `locations` where `status` = published) at D:/laragon/www/datnv2/DuAn_TN/vendor/laravel/framework/src/Illuminate/Database/Connection.php:829)
[stacktrace]
#0 D:/laragon/www/datnv2/DuAn_TN/vendor/laravel/framework/src/Illuminate/Database/Connection.php(983): Illuminate/Database/Connection->runQueryCallback('select * from `...', Array, Object(Closure))
#1 D:/laragon/www/datnv2/DuAn_TN/vendor/laravel/framework/src/Illuminate/Database/Connection.php(963): Illuminate/Database/Connection->tryAgainIfCausedByLostConnection(Object(Illuminate/Database/QueryException), 'select * from `...', Array, Object(Closure))
#2 D:/laragon/www/datnv2/DuAn_TN/vendor/laravel/framework/src/Illuminate/Database/Connection.php(786): Illuminate/Database/Connection->handleQueryException(Object(Illuminate/Database/QueryException), 'select * from `...', Array, Object(Closure))
#3 D:/laragon/www/datnv2/DuAn_TN/vendor/laravel/framework/src/Illuminate/Database/Connection.php(431): Illuminate/Database/Connection->run('select * from `...', Array, Object(Closure))
#4 D:/laragon/www/datnv2/DuAn_TN/vendor/laravel/framework/src/Illuminate/Database/Query/Builder.php(2914): Illuminate/Database/Connection->select('select * from `...', Array, true)
#5 D:/laragon/www/datnv2/DuAn_TN/vendor/laravel/framework/src/Illuminate/Database/Query/Builder.php(2902): Illuminate/Database/Query/Builder->runSelect()
#6 D:/laragon/www/datnv2/DuAn_TN/vendor/laravel/framework/src/Illuminate/Database/Query/Builder.php(3456): Illuminate/Database/Query/Builder->Illuminate/Database/Query/{closure}()
#7 D:/laragon/www/datnv2/DuAn_TN/vendor/laravel/framework/src/Illuminate/Database/Query/Builder.php(2903): Illuminate/Database/Query/Builder->onceWithColumns(Array, Object(Closure))
#8 D:/laragon/www/datnv2/DuAn_TN/vendor/laravel/framework/src/Illuminate/Database/Eloquent/Builder.php(739): Illuminate/Database/Query/Builder->get(Array)
#9 D:/laragon/www/datnv2/DuAn_TN/vendor/laravel/framework/src/Illuminate/Database/Eloquent/Builder.php(723): Illuminate/Database/Eloquent/Builder->getModels(Array)
#10 D:/laragon/www/datnv2/DuAn_TN/routes/web.php(20): Illuminate/Database/Eloquent/Builder->get()
#11 D:/laragon/www/datnv2/DuAn_TN/vendor/laravel/framework/src/Illuminate/Routing/CallableDispatcher.php(40): Illuminate/Routing/RouteFileRegistrar->{closure}()
#12 D:/laragon/www/datnv2/DuAn_TN/vendor/laravel/framework/src/Illuminate/Routing/Route.php(237): Illuminate/Routing/CallableDispatcher->dispatch(Object(Illuminate/Routing/Route), Object(Closure))
#13 D:/laragon/www/datnv2/DuAn_TN/vendor/laravel/framework/src/Illuminate/Routing/Route.php(208): Illuminate/Routing/Route->runCallable()
#14 D:/laragon/www/datnv2/DuAn_TN/vendor/laravel/framework/src/Illuminate/Routing/Router.php(806): Illuminate/Routing/Route->run()
#15 D:/laragon/www/datnv2/DuAn_TN/vendor/laravel/framework/src/Illuminate/Pipeline/Pipeline.php(144): Illuminate/Routing/Router->Illuminate/Routing/{closure}(Object(Illuminate/Http/Request))
#16 D:/laragon/www/datnv2/DuAn_TN/vendor/laravel/framework/src/Illuminate/Routing/Middleware/SubstituteBindings.php(50): Illuminate/Pipeline/Pipeline->Illuminate/Pipeline/{closure}(Object(Illuminate/Http/Request))
#17 D:/laragon/www/datnv2/DuAn_TN/vendor/laravel/framework/src/Illuminate/Pipeline/Pipeline.php(183): Illuminate/Routing/Middleware/SubstituteBindings->handle(Object(Illuminate/Http/Request), Object(Closure))
#18 D:/laragon/www/datnv2/DuAn_TN/vendor/laravel/framework/src/Illuminate/Foundation/Http/Middleware/VerifyCsrfToken.php(78): Illuminate/Pipeline/Pipeline->Illuminate/Pipeline/{closure}(Object(Illuminate/Http/Request))
#19 D:/laragon/www/datnv2/DuAn_TN/vendor/laravel/framework/src/Illuminate/Pipeline/Pipeline.php(183): Illuminate/Foundation/Http/Middleware/VerifyCsrfToken->handle(Object(Illuminate/Http/Request), Object(Closure))
#20 D:/laragon/www/datnv2/DuAn_TN/vendor/laravel/framework/src/Illuminate/View/Middleware/ShareErrorsFromSession.php(49): Illuminate/Pipeline/Pipeline->Illuminate/Pipeline/{closure}(Object(Illuminate/Http/Request))
#21 D:/laragon/www/datnv2/DuAn_TN/vendor/laravel/framework/src/Illuminate/Pipeline/Pipeline.php(183): Illuminate/View/Middleware/ShareErrorsFromSession->handle(Object(Illuminate/Http/Request), Object(Closure))
#22 D:/laragon/www/datnv2/DuAn_TN/vendor/laravel/framework/src/Illuminate/Session/Middleware/StartSession.php(121): Illuminate/Pipeline/Pipeline->Illuminate/Pipeline/{closure}(Object(Illuminate/Http/Request))
#23 D:/laragon/www/datnv2/DuAn_TN/vendor/laravel/framework/src/Illuminate/Session/Middleware/StartSession.php(64): Illuminate/Session/Middleware/StartSession->handleStatefulRequest(Object(Illuminate/Http/Request), Object(Illuminate/Session/Store), Object(Closure))
#24 D:/laragon/www/datnv2/DuAn_TN/vendor/laravel/framework/src/Illuminate/Pipeline/Pipeline.php(183): Illuminate/Session/Middleware/StartSession->handle(Object(Illuminate/Http/Request), Object(Closure))
#25 D:/laragon/www/datnv2/DuAn_TN/vendor/laravel/framework/src/Illuminate/Cookie/Middleware/AddQueuedCookiesToResponse.php(37): Illuminate/Pipeline/Pipeline->Illuminate/Pipeline/{closure}(Object(Illuminate/Http/Request))
#26 D:/laragon/www/datnv2/DuAn_TN/vendor/laravel/framework/src/Illuminate/Pipeline/Pipeline.php(183): Illuminate/Cookie/Middleware/AddQueuedCookiesToResponse->handle(Object(Illuminate/Http/Request), Object(Closure))
#27 D:/laragon/www/datnv2/DuAn_TN/vendor/laravel/framework/src/Illuminate/Cookie/Middleware/EncryptCookies.php(67): Illuminate/Pipeline/Pipeline->Illuminate/Pipeline/{closure}(Object(Illuminate/Http/Request))
#28 D:/laragon/www/datnv2/DuAn_TN/vendor/laravel/framework/src/Illuminate/Pipeline/Pipeline.php(183): Illuminate/Cookie/Middleware/EncryptCookies->handle(Object(Illuminate/Http/Request), Object(Closure))
#29 D:/laragon/www/datnv2/DuAn_TN/vendor/laravel/framework/src/Illuminate/Pipeline/Pipeline.php(119): Illuminate/Pipeline/Pipeline->Illuminate/Pipeline/{closure}(Object(Illuminate/Http/Request))
#30 D:/laragon/www/datnv2/DuAn_TN/vendor/laravel/framework/src/Illuminate/Routing/Router.php(807): Illuminate/Pipeline/Pipeline->then(Object(Closure))
#31 D:/laragon/www/datnv2/DuAn_TN/vendor/laravel/framework/src/Illuminate/Routing/Router.php(784): Illuminate/Routing/Router->runRouteWithinStack(Object(Illuminate/Routing/Route), Object(Illuminate/Http/Request))
#32 D:/laragon/www/datnv2/DuAn_TN/vendor/laravel/framework/src/Illuminate/Routing/Router.php(748): Illuminate/Routing/Router->runRoute(Object(Illuminate/Http/Request), Object(Illuminate/Routing/Route))
#33 D:/laragon/www/datnv2/DuAn_TN/vendor/laravel/framework/src/Illuminate/Routing/Router.php(737): Illuminate/Routing/Router->dispatchToRoute(Object(Illuminate/Http/Request))
#34 D:/laragon/www/datnv2/DuAn_TN/vendor/laravel/framework/src/Illuminate/Foundation/Http/Kernel.php(200): Illuminate/Routing/Router->dispatch(Object(Illuminate/Http/Request))
#35 D:/laragon/www/datnv2/DuAn_TN/vendor/laravel/framework/src/Illuminate/Pipeline/Pipeline.php(144): Illuminate/Foundation/Http/Kernel->Illuminate/Foundation/Http/{closure}(Object(Illuminate/Http/Request))
#36 D:/laragon/www/datnv2/DuAn_TN/vendor/livewire/livewire/src/Features/SupportDisablingBackButtonCache/DisableBackButtonCacheMiddleware.php(19): Illuminate/Pipeline/Pipeline->Illuminate/Pipeline/{closure}(Object(Illuminate/Http/Request))
#37 D:/laragon/www/datnv2/DuAn_TN/vendor/laravel/framework/src/Illuminate/Pipeline/Pipeline.php(183): Livewire/Features/SupportDisablingBackButtonCache/DisableBackButtonCacheMiddleware->handle(Object(Illuminate/Http/Request), Object(Closure))
#38 D:/laragon/www/datnv2/DuAn_TN/vendor/laravel/framework/src/Illuminate/Foundation/Http/Middleware/TransformsRequest.php(21): Illuminate/Pipeline/Pipeline->Illuminate/Pipeline/{closure}(Object(Illuminate/Http/Request))
#39 D:/laragon/www/datnv2/DuAn_TN/vendor/laravel/framework/src/Illuminate/Foundation/Http/Middleware/ConvertEmptyStringsToNull.php(31): Illuminate/Foundation/Http/Middleware/TransformsRequest->handle(Object(Illuminate/Http/Request), Object(Closure))
#40 D:/laragon/www/datnv2/DuAn_TN/vendor/laravel/framework/src/Illuminate/Pipeline/Pipeline.php(183): Illuminate/Foundation/Http/Middleware/ConvertEmptyStringsToNull->handle(Object(Illuminate/Http/Request), Object(Closure))
#41 D:/laragon/www/datnv2/DuAn_TN/vendor/laravel/framework/src/Illuminate/Foundation/Http/Middleware/TransformsRequest.php(21): Illuminate/Pipeline/Pipeline->Illuminate/Pipeline/{closure}(Object(Illuminate/Http/Request))
#42 D:/laragon/www/datnv2/DuAn_TN/vendor/laravel/framework/src/Illuminate/Foundation/Http/Middleware/TrimStrings.php(40): Illuminate/Foundation/Http/Middleware/TransformsRequest->handle(Object(Illuminate/Http/Request), Object(Closure))
#43 D:/laragon/www/datnv2/DuAn_TN/vendor/laravel/framework/src/Illuminate/Pipeline/Pipeline.php(183): Illuminate/Foundation/Http/Middleware/TrimStrings->handle(Object(Illuminate/Http/Request), Object(Closure))
#44 D:/laragon/www/datnv2/DuAn_TN/vendor/laravel/framework/src/Illuminate/Foundation/Http/Middleware/ValidatePostSize.php(27): Illuminate/Pipeline/Pipeline->Illuminate/Pipeline/{closure}(Object(Illuminate/Http/Request))
#45 D:/laragon/www/datnv2/DuAn_TN/vendor/laravel/framework/src/Illuminate/Pipeline/Pipeline.php(183): Illuminate/Foundation/Http/Middleware/ValidatePostSize->handle(Object(Illuminate/Http/Request), Object(Closure))
#46 D:/laragon/www/datnv2/DuAn_TN/vendor/laravel/framework/src/Illuminate/Foundation/Http/Middleware/PreventRequestsDuringMaintenance.php(99): Illuminate/Pipeline/Pipeline->Illuminate/Pipeline/{closure}(Object(Illuminate/Http/Request))
#47 D:/laragon/www/datnv2/DuAn_TN/vendor/laravel/framework/src/Illuminate/Pipeline/Pipeline.php(183): Illuminate/Foundation/Http/Middleware/PreventRequestsDuringMaintenance->handle(Object(Illuminate/Http/Request), Object(Closure))
#48 D:/laragon/www/datnv2/DuAn_TN/vendor/laravel/framework/src/Illuminate/Http/Middleware/HandleCors.php(49): Illuminate/Pipeline/Pipeline->Illuminate/Pipeline/{closure}(Object(Illuminate/Http/Request))
#49 D:/laragon/www/datnv2/DuAn_TN/vendor/laravel/framework/src/Illuminate/Pipeline/Pipeline.php(183): Illuminate/Http/Middleware/HandleCors->handle(Object(Illuminate/Http/Request), Object(Closure))
#50 D:/laragon/www/datnv2/DuAn_TN/vendor/laravel/framework/src/Illuminate/Http/Middleware/TrustProxies.php(39): Illuminate/Pipeline/Pipeline->Illuminate/Pipeline/{closure}(Object(Illuminate/Http/Request))
#51 D:/laragon/www/datnv2/DuAn_TN/vendor/laravel/framework/src/Illuminate/Pipeline/Pipeline.php(183): Illuminate/Http/Middleware/TrustProxies->handle(Object(Illuminate/Http/Request), Object(Closure))
#52 D:/laragon/www/datnv2/DuAn_TN/vendor/laravel/framework/src/Illuminate/Pipeline/Pipeline.php(119): Illuminate/Pipeline/Pipeline->Illuminate/Pipeline/{closure}(Object(Illuminate/Http/Request))
#53 D:/laragon/www/datnv2/DuAn_TN/vendor/laravel/framework/src/Illuminate/Foundation/Http/Kernel.php(175): Illuminate/Pipeline/Pipeline->then(Object(Closure))
#54 D:/laragon/www/datnv2/DuAn_TN/vendor/laravel/framework/src/Illuminate/Foundation/Http/Kernel.php(144): Illuminate/Foundation/Http/Kernel->sendRequestThroughRouter(Object(Illuminate/Http/Request))
#55 D:/laragon/www/datnv2/DuAn_TN/public/index.php(52): Illuminate/Foundation/Http/Kernel->handle(Object(Illuminate/Http/Request))
#56 D:/laragon/www/datnv2/DuAn_TN/vendor/laravel/framework/src/Illuminate/Foundation/resources/server.php(16): require_once('D://laragon//www//...')
#57 {main}

[previous exception] [object] (PDOException(code: 2002): SQLSTATE[HY000] [2002] No connection could be made because the target machine actively refused it at D:/laragon/www/datnv2/DuAn_TN/vendor/laravel/framework/src/Illuminate/Database/Connectors/Connector.php:65)
[stacktrace]
#0 D:/laragon/www/datnv2/DuAn_TN/vendor/laravel/framework/src/Illuminate/Database/Connectors/Connector.php(65): PDO->__construct('mysql:host=127....', 'root', '', Array)
#1 D:/laragon/www/datnv2/DuAn_TN/vendor/laravel/framework/src/Illuminate/Database/Connectors/Connector.php(83): Illuminate/Database/Connectors/Connector->createPdoConnection('mysql:host=127....', 'root', '', Array)
#2 D:/laragon/www/datnv2/DuAn_TN/vendor/laravel/framework/src/Illuminate/Database/Connectors/Connector.php(49): Illuminate/Database/Connectors/Connector->tryAgainIfCausedByLostConnection(Object(PDOException), 'mysql:host=127....', 'root', '', Array)
#3 D:/laragon/www/datnv2/DuAn_TN/vendor/laravel/framework/src/Illuminate/Database/Connectors/MySqlConnector.php(24): Illuminate/Database/Connectors/Connector->createConnection('mysql:host=127....', Array, Array)
#4 D:/laragon/www/datnv2/DuAn_TN/vendor/laravel/framework/src/Illuminate/Database/Connectors/ConnectionFactory.php(184): Illuminate/Database/Connectors/MySqlConnector->connect(Array)
#5 [internal function]: Illuminate/Database/Connectors/ConnectionFactory->Illuminate/Database/Connectors/{closure}()
#6 D:/laragon/www/datnv2/DuAn_TN/vendor/laravel/framework/src/Illuminate/Database/Connection.php(1339): call_user_func(Object(Closure))
#7 D:/laragon/www/datnv2/DuAn_TN/vendor/laravel/framework/src/Illuminate/Database/Connection.php(1375): Illuminate/Database/Connection->getPdo()
#8 D:/laragon/www/datnv2/DuAn_TN/vendor/laravel/framework/src/Illuminate/Database/Connection.php(528): Illuminate/Database/Connection->getReadPdo()
#9 D:/laragon/www/datnv2/DuAn_TN/vendor/laravel/framework/src/Illuminate/Database/Connection.php(423): Illuminate/Database/Connection->getPdoForSelect(true)
#10 D:/laragon/www/datnv2/DuAn_TN/vendor/laravel/framework/src/Illuminate/Database/Connection.php(816): Illuminate/Database/Connection->Illuminate/Database/{closure}('select * from `...', Array)
#11 D:/laragon/www/datnv2/DuAn_TN/vendor/laravel/framework/src/Illuminate/Database/Connection.php(983): Illuminate/Database/Connection->runQueryCallback('select * from `...', Array, Object(Closure))
#12 D:/laragon/www/datnv2/DuAn_TN/vendor/laravel/framework/src/Illuminate/Database/Connection.php(963): Illuminate/Database/Connection->tryAgainIfCausedByLostConnection(Object(Illuminate/Database/QueryException), 'select * from `...', Array, Object(Closure))
#13 D:/laragon/www/datnv2/DuAn_TN/vendor/laravel/framework/src/Illuminate/Database/Connection.php(786): Illuminate/Database/Connection->handleQueryException(Object(Illuminate/Database/QueryException), 'select * from `...', Array, Object(Closure))
#14 D:/laragon/www/datnv2/DuAn_TN/vendor/laravel/framework/src/Illuminate/Database/Connection.php(431): Illuminate/Database/Connection->run('select * from `...', Array, Object(Closure))
#15 D:/laragon/www/datnv2/DuAn_TN/vendor/laravel/framework/src/Illuminate/Database/Query/Builder.php(2914): Illuminate/Database/Connection->select('select * from `...', Array, true)
#16 D:/laragon/www/datnv2/DuAn_TN/vendor/laravel/framework/src/Illuminate/Database/Query/Builder.php(2902): Illuminate/Database/Query/Builder->runSelect()
#17 D:/laragon/www/datnv2/DuAn_TN/vendor/laravel/framework/src/Illuminate/Database/Query/Builder.php(3456): Illuminate/Database/Query/Builder->Illuminate/Database/Query/{closure}()
#18 D:/laragon/www/datnv2/DuAn_TN/vendor/laravel/framework/src/Illuminate/Database/Query/Builder.php(2903): Illuminate/Database/Query/Builder->onceWithColumns(Array, Object(Closure))
#19 D:/laragon/www/datnv2/DuAn_TN/vendor/laravel/framework/src/Illuminate/Database/Eloquent/Builder.php(739): Illuminate/Database/Query/Builder->get(Array)
#20 D:/laragon/www/datnv2/DuAn_TN/vendor/laravel/framework/src/Illuminate/Database/Eloquent/Builder.php(723): Illuminate/Database/Eloquent/Builder->getModels(Array)
#21 D:/laragon/www/datnv2/DuAn_TN/routes/web.php(20): Illuminate/Database/Eloquent/Builder->get()
#22 D:/laragon/www/datnv2/DuAn_TN/vendor/laravel/framework/src/Illuminate/Routing/CallableDispatcher.php(40): Illuminate/Routing/RouteFileRegistrar->{closure}()
#23 D:/laragon/www/datnv2/DuAn_TN/vendor/laravel/framework/src/Illuminate/Routing/Route.php(237): Illuminate/Routing/CallableDispatcher->dispatch(Object(Illuminate/Routing/Route), Object(Closure))
#24 D:/laragon/www/datnv2/DuAn_TN/vendor/laravel/framework/src/Illuminate/Routing/Route.php(208): Illuminate/Routing/Route->runCallable()
#25 D:/laragon/www/datnv2/DuAn_TN/vendor/laravel/framework/src/Illuminate/Routing/Router.php(806): Illuminate/Routing/Route->run()
#26 D:/laragon/www/datnv2/DuAn_TN/vendor/laravel/framework/src/Illuminate/Pipeline/Pipeline.php(144): Illuminate/Routing/Router->Illuminate/Routing/{closure}(Object(Illuminate/Http/Request))
#27 D:/laragon/www/datnv2/DuAn_TN/vendor/laravel/framework/src/Illuminate/Routing/Middleware/SubstituteBindings.php(50): Illuminate/Pipeline/Pipeline->Illuminate/Pipeline/{closure}(Object(Illuminate/Http/Request))
#28 D:/laragon/www/datnv2/DuAn_TN/vendor/laravel/framework/src/Illuminate/Pipeline/Pipeline.php(183): Illuminate/Routing/Middleware/SubstituteBindings->handle(Object(Illuminate/Http/Request), Object(Closure))
#29 D:/laragon/www/datnv2/DuAn_TN/vendor/laravel/framework/src/Illuminate/Foundation/Http/Middleware/VerifyCsrfToken.php(78): Illuminate/Pipeline/Pipeline->Illuminate/Pipeline/{closure}(Object(Illuminate/Http/Request))
#30 D:/laragon/www/datnv2/DuAn_TN/vendor/laravel/framework/src/Illuminate/Pipeline/Pipeline.php(183): Illuminate/Foundation/Http/Middleware/VerifyCsrfToken->handle(Object(Illuminate/Http/Request), Object(Closure))
#31 D:/laragon/www/datnv2/DuAn_TN/vendor/laravel/framework/src/Illuminate/View/Middleware/ShareErrorsFromSession.php(49): Illuminate/Pipeline/Pipeline->Illuminate/Pipeline/{closure}(Object(Illuminate/Http/Request))
#32 D:/laragon/www/datnv2/DuAn_TN/vendor/laravel/framework/src/Illuminate/Pipeline/Pipeline.php(183): Illuminate/View/Middleware/ShareErrorsFromSession->handle(Object(Illuminate/Http/Request), Object(Closure))
#33 D:/laragon/www/datnv2/DuAn_TN/vendor/laravel/framework/src/Illuminate/Session/Middleware/StartSession.php(121): Illuminate/Pipeline/Pipeline->Illuminate/Pipeline/{closure}(Object(Illuminate/Http/Request))
#34 D:/laragon/www/datnv2/DuAn_TN/vendor/laravel/framework/src/Illuminate/Session/Middleware/StartSession.php(64): Illuminate/Session/Middleware/StartSession->handleStatefulRequest(Object(Illuminate/Http/Request), Object(Illuminate/Session/Store), Object(Closure))
#35 D:/laragon/www/datnv2/DuAn_TN/vendor/laravel/framework/src/Illuminate/Pipeline/Pipeline.php(183): Illuminate/Session/Middleware/StartSession->handle(Object(Illuminate/Http/Request), Object(Closure))
#36 D:/laragon/www/datnv2/DuAn_TN/vendor/laravel/framework/src/Illuminate/Cookie/Middleware/AddQueuedCookiesToResponse.php(37): Illuminate/Pipeline/Pipeline->Illuminate/Pipeline/{closure}(Object(Illuminate/Http/Request))
#37 D:/laragon/www/datnv2/DuAn_TN/vendor/laravel/framework/src/Illuminate/Pipeline/Pipeline.php(183): Illuminate/Cookie/Middleware/AddQueuedCookiesToResponse->handle(Object(Illuminate/Http/Request), Object(Closure))
#38 D:/laragon/www/datnv2/DuAn_TN/vendor/laravel/framework/src/Illuminate/Cookie/Middleware/EncryptCookies.php(67): Illuminate/Pipeline/Pipeline->Illuminate/Pipeline/{closure}(Object(Illuminate/Http/Request))
#39 D:/laragon/www/datnv2/DuAn_TN/vendor/laravel/framework/src/Illuminate/Pipeline/Pipeline.php(183): Illuminate/Cookie/Middleware/EncryptCookies->handle(Object(Illuminate/Http/Request), Object(Closure))
#40 D:/laragon/www/datnv2/DuAn_TN/vendor/laravel/framework/src/Illuminate/Pipeline/Pipeline.php(119): Illuminate/Pipeline/Pipeline->Illuminate/Pipeline/{closure}(Object(Illuminate/Http/Request))
#41 D:/laragon/www/datnv2/DuAn_TN/vendor/laravel/framework/src/Illuminate/Routing/Router.php(807): Illuminate/Pipeline/Pipeline->then(Object(Closure))
#42 D:/laragon/www/datnv2/DuAn_TN/vendor/laravel/framework/src/Illuminate/Routing/Router.php(784): Illuminate/Routing/Router->runRouteWithinStack(Object(Illuminate/Routing/Route), Object(Illuminate/Http/Request))
#43 D:/laragon/www/datnv2/DuAn_TN/vendor/laravel/framework/src/Illuminate/Routing/Router.php(748): Illuminate/Routing/Router->runRoute(Object(Illuminate/Http/Request), Object(Illuminate/Routing/Route))
#44 D:/laragon/www/datnv2/DuAn_TN/vendor/laravel/framework/src/Illuminate/Routing/Router.php(737): Illuminate/Routing/Router->dispatchToRoute(Object(Illuminate/Http/Request))
#45 D:/laragon/www/datnv2/DuAn_TN/vendor/laravel/framework/src/Illuminate/Foundation/Http/Kernel.php(200): Illuminate/Routing/Router->dispatch(Object(Illuminate/Http/Request))
#46 D:/laragon/www/datnv2/DuAn_TN/vendor/laravel/framework/src/Illuminate/Pipeline/Pipeline.php(144): Illuminate/Foundation/Http/Kernel->Illuminate/Foundation/Http/{closure}(Object(Illuminate/Http/Request))
#47 D:/laragon/www/datnv2/DuAn_TN/vendor/livewire/livewire/src/Features/SupportDisablingBackButtonCache/DisableBackButtonCacheMiddleware.php(19): Illuminate/Pipeline/Pipeline->Illuminate/Pipeline/{closure}(Object(Illuminate/Http/Request))
#48 D:/laragon/www/datnv2/DuAn_TN/vendor/laravel/framework/src/Illuminate/Pipeline/Pipeline.php(183): Livewire/Features/SupportDisablingBackButtonCache/DisableBackButtonCacheMiddleware->handle(Object(Illuminate/Http/Request), Object(Closure))
#49 D:/laragon/www/datnv2/DuAn_TN/vendor/laravel/framework/src/Illuminate/Foundation/Http/Middleware/TransformsRequest.php(21): Illuminate/Pipeline/Pipeline->Illuminate/Pipeline/{closure}(Object(Illuminate/Http/Request))
#50 D:/laragon/www/datnv2/DuAn_TN/vendor/laravel/framework/src/Illuminate/Foundation/Http/Middleware/ConvertEmptyStringsToNull.php(31): Illuminate/Foundation/Http/Middleware/TransformsRequest->handle(Object(Illuminate/Http/Request), Object(Closure))
#51 D:/laragon/www/datnv2/DuAn_TN/vendor/laravel/framework/src/Illuminate/Pipeline/Pipeline.php(183): Illuminate/Foundation/Http/Middleware/ConvertEmptyStringsToNull->handle(Object(Illuminate/Http/Request), Object(Closure))
#52 D:/laragon/www/datnv2/DuAn_TN/vendor/laravel/framework/src/Illuminate/Foundation/Http/Middleware/TransformsRequest.php(21): Illuminate/Pipeline/Pipeline->Illuminate/Pipeline/{closure}(Object(Illuminate/Http/Request))
#53 D:/laragon/www/datnv2/DuAn_TN/vendor/laravel/framework/src/Illuminate/Foundation/Http/Middleware/TrimStrings.php(40): Illuminate/Foundation/Http/Middleware/TransformsRequest->handle(Object(Illuminate/Http/Request), Object(Closure))
#54 D:/laragon/www/datnv2/DuAn_TN/vendor/laravel/framework/src/Illuminate/Pipeline/Pipeline.php(183): Illuminate/Foundation/Http/Middleware/TrimStrings->handle(Object(Illuminate/Http/Request), Object(Closure))
#55 D:/laragon/www/datnv2/DuAn_TN/vendor/laravel/framework/src/Illuminate/Foundation/Http/Middleware/ValidatePostSize.php(27): Illuminate/Pipeline/Pipeline->Illuminate/Pipeline/{closure}(Object(Illuminate/Http/Request))
#56 D:/laragon/www/datnv2/DuAn_TN/vendor/laravel/framework/src/Illuminate/Pipeline/Pipeline.php(183): Illuminate/Foundation/Http/Middleware/ValidatePostSize->handle(Object(Illuminate/Http/Request), Object(Closure))
#57 D:/laragon/www/datnv2/DuAn_TN/vendor/laravel/framework/src/Illuminate/Foundation/Http/Middleware/PreventRequestsDuringMaintenance.php(99): Illuminate/Pipeline/Pipeline->Illuminate/Pipeline/{closure}(Object(Illuminate/Http/Request))
#58 D:/laragon/www/datnv2/DuAn_TN/vendor/laravel/framework/src/Illuminate/Pipeline/Pipeline.php(183): Illuminate/Foundation/Http/Middleware/PreventRequestsDuringMaintenance->handle(Object(Illuminate/Http/Request), Object(Closure))
#59 D:/laragon/www/datnv2/DuAn_TN/vendor/laravel/framework/src/Illuminate/Http/Middleware/HandleCors.php(49): Illuminate/Pipeline/Pipeline->Illuminate/Pipeline/{closure}(Object(Illuminate/Http/Request))
#60 D:/laragon/www/datnv2/DuAn_TN/vendor/laravel/framework/src/Illuminate/Pipeline/Pipeline.php(183): Illuminate/Http/Middleware/HandleCors->handle(Object(Illuminate/Http/Request), Object(Closure))
#61 D:/laragon/www/datnv2/DuAn_TN/vendor/laravel/framework/src/Illuminate/Http/Middleware/TrustProxies.php(39): Illuminate/Pipeline/Pipeline->Illuminate/Pipeline/{closure}(Object(Illuminate/Http/Request))
#62 D:/laragon/www/datnv2/DuAn_TN/vendor/laravel/framework/src/Illuminate/Pipeline/Pipeline.php(183): Illuminate/Http/Middleware/TrustProxies->handle(Object(Illuminate/Http/Request), Object(Closure))
#63 D:/laragon/www/datnv2/DuAn_TN/vendor/laravel/framework/src/Illuminate/Pipeline/Pipeline.php(119): Illuminate/Pipeline/Pipeline->Illuminate/Pipeline/{closure}(Object(Illuminate/Http/Request))
#64 D:/laragon/www/datnv2/DuAn_TN/vendor/laravel/framework/src/Illuminate/Foundation/Http/Kernel.php(175): Illuminate/Pipeline/Pipeline->then(Object(Closure))
#65 D:/laragon/www/datnv2/DuAn_TN/vendor/laravel/framework/src/Illuminate/Foundation/Http/Kernel.php(144): Illuminate/Foundation/Http/Kernel->sendRequestThroughRouter(Object(Illuminate/Http/Request))
#66 D:/laragon/www/datnv2/DuAn_TN/public/index.php(52): Illuminate/Foundation/Http/Kernel->handle(Object(Illuminate/Http/Request))
#67 D:/laragon/www/datnv2/DuAn_TN/vendor/laravel/framework/src/Illuminate/Foundation/resources/server.php(16): require_once('D://laragon//www//...')
#68 {main}
"} 
[2026-05-28 09:28:20] local.ERROR: SQLSTATE[HY000] [2002] No connection could be made because the target machine actively refused it (Connection: mysql, SQL: select * from `locations` where `id` = 4 limit 1) {"exception":"[object] (Illuminate\\Database\\QueryException(code: 2002): SQLSTATE[HY000] [2002] No connection could be made because the target machine actively refused it (Connection: mysql, SQL: select * from `locations` where `id` = 4 limit 1) at D:/laragon/www/datnv2/DuAn_TN/vendor/laravel/framework/src/Illuminate/Database/Connection.php:829)
[stacktrace]
#0 D:/laragon/www/datnv2/DuAn_TN/vendor/laravel/framework/src/Illuminate/Database/Connection.php(983): Illuminate/Database/Connection->runQueryCallback('select * from `...', Array, Object(Closure))
#1 D:/laragon/www/datnv2/DuAn_TN/vendor/laravel/framework/src/Illuminate/Database/Connection.php(963): Illuminate/Database/Connection->tryAgainIfCausedByLostConnection(Object(Illuminate/Database/QueryException), 'select * from `...', Array, Object(Closure))
#2 D:/laragon/www/datnv2/DuAn_TN/vendor/laravel/framework/src/Illuminate/Database/Connection.php(786): Illuminate/Database/Connection->handleQueryException(Object(Illuminate/Database/QueryException), 'select * from `...', Array, Object(Closure))
#3 D:/laragon/www/datnv2/DuAn_TN/vendor/laravel/framework/src/Illuminate/Database/Connection.php(431): Illuminate/Database/Connection->run('select * from `...', Array, Object(Closure))
#4 D:/laragon/www/datnv2/DuAn_TN/vendor/laravel/framework/src/Illuminate/Database/Query/Builder.php(2914): Illuminate/Database/Connection->select('select * from `...', Array, true)
#5 D:/laragon/www/datnv2/DuAn_TN/vendor/laravel/framework/src/Illuminate/Database/Query/Builder.php(2902): Illuminate/Database/Query/Builder->runSelect()
#6 D:/laragon/www/datnv2/DuAn_TN/vendor/laravel/framework/src/Illuminate/Database/Query/Builder.php(3456): Illuminate/Database/Query/Builder->Illuminate/Database/Query/{closure}()
#7 D:/laragon/www/datnv2/DuAn_TN/vendor/laravel/framework/src/Illuminate/Database/Query/Builder.php(2903): Illuminate/Database/Query/Builder->onceWithColumns(Array, Object(Closure))
#8 D:/laragon/www/datnv2/DuAn_TN/vendor/laravel/framework/src/Illuminate/Database/Eloquent/Builder.php(739): Illuminate/Database/Query/Builder->get(Array)
#9 D:/laragon/www/datnv2/DuAn_TN/vendor/laravel/framework/src/Illuminate/Database/Eloquent/Builder.php(723): Illuminate/Database/Eloquent/Builder->getModels(Array)
#10 D:/laragon/www/datnv2/DuAn_TN/vendor/laravel/framework/src/Illuminate/Database/Concerns/BuildsQueries.php(333): Illuminate/Database/Eloquent/Builder->get(Array)
#11 D:/laragon/www/datnv2/DuAn_TN/vendor/laravel/framework/src/Illuminate/Database/Eloquent/Model.php(2047): Illuminate/Database/Eloquent/Builder->first()
#12 D:/laragon/www/datnv2/DuAn_TN/vendor/laravel/framework/src/Illuminate/Routing/ImplicitRouteBinding.php(61): Illuminate/Database/Eloquent/Model->resolveRouteBinding('4', NULL)
#13 D:/laragon/www/datnv2/DuAn_TN/vendor/laravel/framework/src/Illuminate/Routing/Router.php(959): Illuminate/Routing/ImplicitRouteBinding::resolveForRoute(Object(Illuminate/Foundation/Application), Object(Illuminate/Routing/Route))
#14 D:/laragon/www/datnv2/DuAn_TN/vendor/livewire/livewire/src/Features/SupportPageComponents/SupportPageComponents.php(214): Illuminate/Routing/Router->Illuminate/Routing/{closure}()
#15 [internal function]: Livewire/Features/SupportPageComponents/SupportPageComponents::Livewire/Features/SupportPageComponents/{closure}(Object(Illuminate/Foundation/Application), Object(Illuminate/Routing/Route), Object(Closure))
#16 D:/laragon/www/datnv2/DuAn_TN/vendor/laravel/framework/src/Illuminate/Routing/Router.php(962): call_user_func(Object(Closure), Object(Illuminate/Foundation/Application), Object(Illuminate/Routing/Route), Object(Closure))
#17 D:/laragon/www/datnv2/DuAn_TN/vendor/laravel/framework/src/Illuminate/Routing/Middleware/SubstituteBindings.php(41): Illuminate/Routing/Router->substituteImplicitBindings(Object(Illuminate/Routing/Route))
#18 D:/laragon/www/datnv2/DuAn_TN/vendor/laravel/framework/src/Illuminate/Pipeline/Pipeline.php(183): Illuminate/Routing/Middleware/SubstituteBindings->handle(Object(Illuminate/Http/Request), Object(Closure))
#19 D:/laragon/www/datnv2/DuAn_TN/vendor/laravel/framework/src/Illuminate/Foundation/Http/Middleware/VerifyCsrfToken.php(78): Illuminate/Pipeline/Pipeline->Illuminate/Pipeline/{closure}(Object(Illuminate/Http/Request))
#20 D:/laragon/www/datnv2/DuAn_TN/vendor/laravel/framework/src/Illuminate/Pipeline/Pipeline.php(183): Illuminate/Foundation/Http/Middleware/VerifyCsrfToken->handle(Object(Illuminate/Http/Request), Object(Closure))
#21 D:/laragon/www/datnv2/DuAn_TN/vendor/laravel/framework/src/Illuminate/View/Middleware/ShareErrorsFromSession.php(49): Illuminate/Pipeline/Pipeline->Illuminate/Pipeline/{closure}(Object(Illuminate/Http/Request))
#22 D:/laragon/www/datnv2/DuAn_TN/vendor/laravel/framework/src/Illuminate/Pipeline/Pipeline.php(183): Illuminate/View/Middleware/ShareErrorsFromSession->handle(Object(Illuminate/Http/Request), Object(Closure))
#23 D:/laragon/www/datnv2/DuAn_TN/vendor/laravel/framework/src/Illuminate/Session/Middleware/StartSession.php(121): Illuminate/Pipeline/Pipeline->Illuminate/Pipeline/{closure}(Object(Illuminate/Http/Request))
#24 D:/laragon/www/datnv2/DuAn_TN/vendor/laravel/framework/src/Illuminate/Session/Middleware/StartSession.php(64): Illuminate/Session/Middleware/StartSession->handleStatefulRequest(Object(Illuminate/Http/Request), Object(Illuminate/Session/Store), Object(Closure))
#25 D:/laragon/www/datnv2/DuAn_TN/vendor/laravel/framework/src/Illuminate/Pipeline/Pipeline.php(183): Illuminate/Session/Middleware/StartSession->handle(Object(Illuminate/Http/Request), Object(Closure))
#26 D:/laragon/www/datnv2/DuAn_TN/vendor/laravel/framework/src/Illuminate/Cookie/Middleware/AddQueuedCookiesToResponse.php(37): Illuminate/Pipeline/Pipeline->Illuminate/Pipeline/{closure}(Object(Illuminate/Http/Request))
#27 D:/laragon/www/datnv2/DuAn_TN/vendor/laravel/framework/src/Illuminate/Pipeline/Pipeline.php(183): Illuminate/Cookie/Middleware/AddQueuedCookiesToResponse->handle(Object(Illuminate/Http/Request), Object(Closure))
#28 D:/laragon/www/datnv2/DuAn_TN/vendor/laravel/framework/src/Illuminate/Cookie/Middleware/EncryptCookies.php(67): Illuminate/Pipeline/Pipeline->Illuminate/Pipeline/{closure}(Object(Illuminate/Http/Request))
#29 D:/laragon/www/datnv2/DuAn_TN/vendor/laravel/framework/src/Illuminate/Pipeline/Pipeline.php(183): Illuminate/Cookie/Middleware/EncryptCookies->handle(Object(Illuminate/Http/Request), Object(Closure))
#30 D:/laragon/www/datnv2/DuAn_TN/vendor/laravel/framework/src/Illuminate/Pipeline/Pipeline.php(119): Illuminate/Pipeline/Pipeline->Illuminate/Pipeline/{closure}(Object(Illuminate/Http/Request))
#31 D:/laragon/www/datnv2/DuAn_TN/vendor/laravel/framework/src/Illuminate/Routing/Router.php(807): Illuminate/Pipeline/Pipeline->then(Object(Closure))
#32 D:/laragon/www/datnv2/DuAn_TN/vendor/laravel/framework/src/Illuminate/Routing/Router.php(784): Illuminate/Routing/Router->runRouteWithinStack(Object(Illuminate/Routing/Route), Object(Illuminate/Http/Request))
#33 D:/laragon/www/datnv2/DuAn_TN/vendor/laravel/framework/src/Illuminate/Routing/Router.php(748): Illuminate/Routing/Router->runRoute(Object(Illuminate/Http/Request), Object(Illuminate/Routing/Route))
#34 D:/laragon/www/datnv2/DuAn_TN/vendor/laravel/framework/src/Illuminate/Routing/Router.php(737): Illuminate/Routing/Router->dispatchToRoute(Object(Illuminate/Http/Request))
#35 D:/laragon/www/datnv2/DuAn_TN/vendor/laravel/framework/src/Illuminate/Foundation/Http/Kernel.php(200): Illuminate/Routing/Router->dispatch(Object(Illuminate/Http/Request))
#36 D:/laragon/www/datnv2/DuAn_TN/vendor/laravel/framework/src/Illuminate/Pipeline/Pipeline.php(144): Illuminate/Foundation/Http/Kernel->Illuminate/Foundation/Http/{closure}(Object(Illuminate/Http/Request))
#37 D:/laragon/www/datnv2/DuAn_TN/vendor/livewire/livewire/src/Features/SupportDisablingBackButtonCache/DisableBackButtonCacheMiddleware.php(19): Illuminate/Pipeline/Pipeline->Illuminate/Pipeline/{closure}(Object(Illuminate/Http/Request))
#38 D:/laragon/www/datnv2/DuAn_TN/vendor/laravel/framework/src/Illuminate/Pipeline/Pipeline.php(183): Livewire/Features/SupportDisablingBackButtonCache/DisableBackButtonCacheMiddleware->handle(Object(Illuminate/Http/Request), Object(Closure))
#39 D:/laragon/www/datnv2/DuAn_TN/vendor/laravel/framework/src/Illuminate/Foundation/Http/Middleware/TransformsRequest.php(21): Illuminate/Pipeline/Pipeline->Illuminate/Pipeline/{closure}(Object(Illuminate/Http/Request))
#40 D:/laragon/www/datnv2/DuAn_TN/vendor/laravel/framework/src/Illuminate/Foundation/Http/Middleware/ConvertEmptyStringsToNull.php(31): Illuminate/Foundation/Http/Middleware/TransformsRequest->handle(Object(Illuminate/Http/Request), Object(Closure))
#41 D:/laragon/www/datnv2/DuAn_TN/vendor/laravel/framework/src/Illuminate/Pipeline/Pipeline.php(183): Illuminate/Foundation/Http/Middleware/ConvertEmptyStringsToNull->handle(Object(Illuminate/Http/Request), Object(Closure))
#42 D:/laragon/www/datnv2/DuAn_TN/vendor/laravel/framework/src/Illuminate/Foundation/Http/Middleware/TransformsRequest.php(21): Illuminate/Pipeline/Pipeline->Illuminate/Pipeline/{closure}(Object(Illuminate/Http/Request))
#43 D:/laragon/www/datnv2/DuAn_TN/vendor/laravel/framework/src/Illuminate/Foundation/Http/Middleware/TrimStrings.php(40): Illuminate/Foundation/Http/Middleware/TransformsRequest->handle(Object(Illuminate/Http/Request), Object(Closure))
#44 D:/laragon/www/datnv2/DuAn_TN/vendor/laravel/framework/src/Illuminate/Pipeline/Pipeline.php(183): Illuminate/Foundation/Http/Middleware/TrimStrings->handle(Object(Illuminate/Http/Request), Object(Closure))
#45 D:/laragon/www/datnv2/DuAn_TN/vendor/laravel/framework/src/Illuminate/Foundation/Http/Middleware/ValidatePostSize.php(27): Illuminate/Pipeline/Pipeline->Illuminate/Pipeline/{closure}(Object(Illuminate/Http/Request))
#46 D:/laragon/www/datnv2/DuAn_TN/vendor/laravel/framework/src/Illuminate/Pipeline/Pipeline.php(183): Illuminate/Foundation/Http/Middleware/ValidatePostSize->handle(Object(Illuminate/Http/Request), Object(Closure))
#47 D:/laragon/www/datnv2/DuAn_TN/vendor/laravel/framework/src/Illuminate/Foundation/Http/Middleware/PreventRequestsDuringMaintenance.php(99): Illuminate/Pipeline/Pipeline->Illuminate/Pipeline/{closure}(Object(Illuminate/Http/Request))
#48 D:/laragon/www/datnv2/DuAn_TN/vendor/laravel/framework/src/Illuminate/Pipeline/Pipeline.php(183): Illuminate/Foundation/Http/Middleware/PreventRequestsDuringMaintenance->handle(Object(Illuminate/Http/Request), Object(Closure))
#49 D:/laragon/www/datnv2/DuAn_TN/vendor/laravel/framework/src/Illuminate/Http/Middleware/HandleCors.php(49): Illuminate/Pipeline/Pipeline->Illuminate/Pipeline/{closure}(Object(Illuminate/Http/Request))
#50 D:/laragon/www/datnv2/DuAn_TN/vendor/laravel/framework/src/Illuminate/Pipeline/Pipeline.php(183): Illuminate/Http/Middleware/HandleCors->handle(Object(Illuminate/Http/Request), Object(Closure))
#51 D:/laragon/www/datnv2/DuAn_TN/vendor/laravel/framework/src/Illuminate/Http/Middleware/TrustProxies.php(39): Illuminate/Pipeline/Pipeline->Illuminate/Pipeline/{closure}(Object(Illuminate/Http/Request))
#52 D:/laragon/www/datnv2/DuAn_TN/vendor/laravel/framework/src/Illuminate/Pipeline/Pipeline.php(183): Illuminate/Http/Middleware/TrustProxies->handle(Object(Illuminate/Http/Request), Object(Closure))
#53 D:/laragon/www/datnv2/DuAn_TN/vendor/laravel/framework/src/Illuminate/Pipeline/Pipeline.php(119): Illuminate/Pipeline/Pipeline->Illuminate/Pipeline/{closure}(Object(Illuminate/Http/Request))
#54 D:/laragon/www/datnv2/DuAn_TN/vendor/laravel/framework/src/Illuminate/Foundation/Http/Kernel.php(175): Illuminate/Pipeline/Pipeline->then(Object(Closure))
#55 D:/laragon/www/datnv2/DuAn_TN/vendor/laravel/framework/src/Illuminate/Foundation/Http/Kernel.php(144): Illuminate/Foundation/Http/Kernel->sendRequestThroughRouter(Object(Illuminate/Http/Request))
#56 D:/laragon/www/datnv2/DuAn_TN/public/index.php(52): Illuminate/Foundation/Http/Kernel->handle(Object(Illuminate/Http/Request))
#57 D:/laragon/www/datnv2/DuAn_TN/vendor/laravel/framework/src/Illuminate/Foundation/resources/server.php(16): require_once('D://laragon//www//...')
#58 {main}

[previous exception] [object] (PDOException(code: 2002): SQLSTATE[HY000] [2002] No connection could be made because the target machine actively refused it at D:/laragon/www/datnv2/DuAn_TN/vendor/laravel/framework/src/Illuminate/Database/Connectors/Connector.php:65)
[stacktrace]
#0 D:/laragon/www/datnv2/DuAn_TN/vendor/laravel/framework/src/Illuminate/Database/Connectors/Connector.php(65): PDO->__construct('mysql:host=127....', 'root', '', Array)
#1 D:/laragon/www/datnv2/DuAn_TN/vendor/laravel/framework/src/Illuminate/Database/Connectors/Connector.php(83): Illuminate/Database/Connectors/Connector->createPdoConnection('mysql:host=127....', 'root', '', Array)
#2 D:/laragon/www/datnv2/DuAn_TN/vendor/laravel/framework/src/Illuminate/Database/Connectors/Connector.php(49): Illuminate/Database/Connectors/Connector->tryAgainIfCausedByLostConnection(Object(PDOException), 'mysql:host=127....', 'root', '', Array)
#3 D:/laragon/www/datnv2/DuAn_TN/vendor/laravel/framework/src/Illuminate/Database/Connectors/MySqlConnector.php(24): Illuminate/Database/Connectors/Connector->createConnection('mysql:host=127....', Array, Array)
#4 D:/laragon/www/datnv2/DuAn_TN/vendor/laravel/framework/src/Illuminate/Database/Connectors/ConnectionFactory.php(184): Illuminate/Database/Connectors/MySqlConnector->connect(Array)
#5 [internal function]: Illuminate/Database/Connectors/ConnectionFactory->Illuminate/Database/Connectors/{closure}()
#6 D:/laragon/www/datnv2/DuAn_TN/vendor/laravel/framework/src/Illuminate/Database/Connection.php(1339): call_user_func(Object(Closure))
#7 D:/laragon/www/datnv2/DuAn_TN/vendor/laravel/framework/src/Illuminate/Database/Connection.php(1375): Illuminate/Database/Connection->getPdo()
#8 D:/laragon/www/datnv2/DuAn_TN/vendor/laravel/framework/src/Illuminate/Database/Connection.php(528): Illuminate/Database/Connection->getReadPdo()
#9 D:/laragon/www/datnv2/DuAn_TN/vendor/laravel/framework/src/Illuminate/Database/Connection.php(423): Illuminate/Database/Connection->getPdoForSelect(true)
#10 D:/laragon/www/datnv2/DuAn_TN/vendor/laravel/framework/src/Illuminate/Database/Connection.php(816): Illuminate/Database/Connection->Illuminate/Database/{closure}('select * from `...', Array)
#11 D:/laragon/www/datnv2/DuAn_TN/vendor/laravel/framework/src/Illuminate/Database/Connection.php(983): Illuminate/Database/Connection->runQueryCallback('select * from `...', Array, Object(Closure))
#12 D:/laragon/www/datnv2/DuAn_TN/vendor/laravel/framework/src/Illuminate/Database/Connection.php(963): Illuminate/Database/Connection->tryAgainIfCausedByLostConnection(Object(Illuminate/Database/QueryException), 'select * from `...', Array, Object(Closure))
#13 D:/laragon/www/datnv2/DuAn_TN/vendor/laravel/framework/src/Illuminate/Database/Connection.php(786): Illuminate/Database/Connection->handleQueryException(Object(Illuminate/Database/QueryException), 'select * from `...', Array, Object(Closure))
#14 D:/laragon/www/datnv2/DuAn_TN/vendor/laravel/framework/src/Illuminate/Database/Connection.php(431): Illuminate/Database/Connection->run('select * from `...', Array, Object(Closure))
#15 D:/laragon/www/datnv2/DuAn_TN/vendor/laravel/framework/src/Illuminate/Database/Query/Builder.php(2914): Illuminate/Database/Connection->select('select * from `...', Array, true)
#16 D:/laragon/www/datnv2/DuAn_TN/vendor/laravel/framework/src/Illuminate/Database/Query/Builder.php(2902): Illuminate/Database/Query/Builder->runSelect()
#17 D:/laragon/www/datnv2/DuAn_TN/vendor/laravel/framework/src/Illuminate/Database/Query/Builder.php(3456): Illuminate/Database/Query/Builder->Illuminate/Database/Query/{closure}()
#18 D:/laragon/www/datnv2/DuAn_TN/vendor/laravel/framework/src/Illuminate/Database/Query/Builder.php(2903): Illuminate/Database/Query/Builder->onceWithColumns(Array, Object(Closure))
#19 D:/laragon/www/datnv2/DuAn_TN/vendor/laravel/framework/src/Illuminate/Database/Eloquent/Builder.php(739): Illuminate/Database/Query/Builder->get(Array)
#20 D:/laragon/www/datnv2/DuAn_TN/vendor/laravel/framework/src/Illuminate/Database/Eloquent/Builder.php(723): Illuminate/Database/Eloquent/Builder->getModels(Array)
#21 D:/laragon/www/datnv2/DuAn_TN/vendor/laravel/framework/src/Illuminate/Database/Concerns/BuildsQueries.php(333): Illuminate/Database/Eloquent/Builder->get(Array)
#22 D:/laragon/www/datnv2/DuAn_TN/vendor/laravel/framework/src/Illuminate/Database/Eloquent/Model.php(2047): Illuminate/Database/Eloquent/Builder->first()
#23 D:/laragon/www/datnv2/DuAn_TN/vendor/laravel/framework/src/Illuminate/Routing/ImplicitRouteBinding.php(61): Illuminate/Database/Eloquent/Model->resolveRouteBinding('4', NULL)
#24 D:/laragon/www/datnv2/DuAn_TN/vendor/laravel/framework/src/Illuminate/Routing/Router.php(959): Illuminate/Routing/ImplicitRouteBinding::resolveForRoute(Object(Illuminate/Foundation/Application), Object(Illuminate/Routing/Route))
#25 D:/laragon/www/datnv2/DuAn_TN/vendor/livewire/livewire/src/Features/SupportPageComponents/SupportPageComponents.php(214): Illuminate/Routing/Router->Illuminate/Routing/{closure}()
#26 [internal function]: Livewire/Features/SupportPageComponents/SupportPageComponents::Livewire/Features/SupportPageComponents/{closure}(Object(Illuminate/Foundation/Application), Object(Illuminate/Routing/Route), Object(Closure))
#27 D:/laragon/www/datnv2/DuAn_TN/vendor/laravel/framework/src/Illuminate/Routing/Router.php(962): call_user_func(Object(Closure), Object(Illuminate/Foundation/Application), Object(Illuminate/Routing/Route), Object(Closure))
#28 D:/laragon/www/datnv2/DuAn_TN/vendor/laravel/framework/src/Illuminate/Routing/Middleware/SubstituteBindings.php(41): Illuminate/Routing/Router->substituteImplicitBindings(Object(Illuminate/Routing/Route))
#29 D:/laragon/www/datnv2/DuAn_TN/vendor/laravel/framework/src/Illuminate/Pipeline/Pipeline.php(183): Illuminate/Routing/Middleware/SubstituteBindings->handle(Object(Illuminate/Http/Request), Object(Closure))
#30 D:/laragon/www/datnv2/DuAn_TN/vendor/laravel/framework/src/Illuminate/Foundation/Http/Middleware/VerifyCsrfToken.php(78): Illuminate/Pipeline/Pipeline->Illuminate/Pipeline/{closure}(Object(Illuminate/Http/Request))
#31 D:/laragon/www/datnv2/DuAn_TN/vendor/laravel/framework/src/Illuminate/Pipeline/Pipeline.php(183): Illuminate/Foundation/Http/Middleware/VerifyCsrfToken->handle(Object(Illuminate/Http/Request), Object(Closure))
#32 D:/laragon/www/datnv2/DuAn_TN/vendor/laravel/framework/src/Illuminate/View/Middleware/ShareErrorsFromSession.php(49): Illuminate/Pipeline/Pipeline->Illuminate/Pipeline/{closure}(Object(Illuminate/Http/Request))
#33 D:/laragon/www/datnv2/DuAn_TN/vendor/laravel/framework/src/Illuminate/Pipeline/Pipeline.php(183): Illuminate/View/Middleware/ShareErrorsFromSession->handle(Object(Illuminate/Http/Request), Object(Closure))
#34 D:/laragon/www/datnv2/DuAn_TN/vendor/laravel/framework/src/Illuminate/Session/Middleware/StartSession.php(121): Illuminate/Pipeline/Pipeline->Illuminate/Pipeline/{closure}(Object(Illuminate/Http/Request))
#35 D:/laragon/www/datnv2/DuAn_TN/vendor/laravel/framework/src/Illuminate/Session/Middleware/StartSession.php(64): Illuminate/Session/Middleware/StartSession->handleStatefulRequest(Object(Illuminate/Http/Request), Object(Illuminate/Session/Store), Object(Closure))
#36 D:/laragon/www/datnv2/DuAn_TN/vendor/laravel/framework/src/Illuminate/Pipeline/Pipeline.php(183): Illuminate/Session/Middleware/StartSession->handle(Object(Illuminate/Http/Request), Object(Closure))
#37 D:/laragon/www/datnv2/DuAn_TN/vendor/laravel/framework/src/Illuminate/Cookie/Middleware/AddQueuedCookiesToResponse.php(37): Illuminate/Pipeline/Pipeline->Illuminate/Pipeline/{closure}(Object(Illuminate/Http/Request))
#38 D:/laragon/www/datnv2/DuAn_TN/vendor/laravel/framework/src/Illuminate/Pipeline/Pipeline.php(183): Illuminate/Cookie/Middleware/AddQueuedCookiesToResponse->handle(Object(Illuminate/Http/Request), Object(Closure))
#39 D:/laragon/www/datnv2/DuAn_TN/vendor/laravel/framework/src/Illuminate/Cookie/Middleware/EncryptCookies.php(67): Illuminate/Pipeline/Pipeline->Illuminate/Pipeline/{closure}(Object(Illuminate/Http/Request))
#40 D:/laragon/www/datnv2/DuAn_TN/vendor/laravel/framework/src/Illuminate/Pipeline/Pipeline.php(183): Illuminate/Cookie/Middleware/EncryptCookies->handle(Object(Illuminate/Http/Request), Object(Closure))
#41 D:/laragon/www/datnv2/DuAn_TN/vendor/laravel/framework/src/Illuminate/Pipeline/Pipeline.php(119): Illuminate/Pipeline/Pipeline->Illuminate/Pipeline/{closure}(Object(Illuminate/Http/Request))
#42 D:/laragon/www/datnv2/DuAn_TN/vendor/laravel/framework/src/Illuminate/Routing/Router.php(807): Illuminate/Pipeline/Pipeline->then(Object(Closure))
#43 D:/laragon/www/datnv2/DuAn_TN/vendor/laravel/framework/src/Illuminate/Routing/Router.php(784): Illuminate/Routing/Router->runRouteWithinStack(Object(Illuminate/Routing/Route), Object(Illuminate/Http/Request))
#44 D:/laragon/www/datnv2/DuAn_TN/vendor/laravel/framework/src/Illuminate/Routing/Router.php(748): Illuminate/Routing/Router->runRoute(Object(Illuminate/Http/Request), Object(Illuminate/Routing/Route))
#45 D:/laragon/www/datnv2/DuAn_TN/vendor/laravel/framework/src/Illuminate/Routing/Router.php(737): Illuminate/Routing/Router->dispatchToRoute(Object(Illuminate/Http/Request))
#46 D:/laragon/www/datnv2/DuAn_TN/vendor/laravel/framework/src/Illuminate/Foundation/Http/Kernel.php(200): Illuminate/Routing/Router->dispatch(Object(Illuminate/Http/Request))
#47 D:/laragon/www/datnv2/DuAn_TN/vendor/laravel/framework/src/Illuminate/Pipeline/Pipeline.php(144): Illuminate/Foundation/Http/Kernel->Illuminate/Foundation/Http/{closure}(Object(Illuminate/Http/Request))
#48 D:/laragon/www/datnv2/DuAn_TN/vendor/livewire/livewire/src/Features/SupportDisablingBackButtonCache/DisableBackButtonCacheMiddleware.php(19): Illuminate/Pipeline/Pipeline->Illuminate/Pipeline/{closure}(Object(Illuminate/Http/Request))
#49 D:/laragon/www/datnv2/DuAn_TN/vendor/laravel/framework/src/Illuminate/Pipeline/Pipeline.php(183): Livewire/Features/SupportDisablingBackButtonCache/DisableBackButtonCacheMiddleware->handle(Object(Illuminate/Http/Request), Object(Closure))
#50 D:/laragon/www/datnv2/DuAn_TN/vendor/laravel/framework/src/Illuminate/Foundation/Http/Middleware/TransformsRequest.php(21): Illuminate/Pipeline/Pipeline->Illuminate/Pipeline/{closure}(Object(Illuminate/Http/Request))
#51 D:/laragon/www/datnv2/DuAn_TN/vendor/laravel/framework/src/Illuminate/Foundation/Http/Middleware/ConvertEmptyStringsToNull.php(31): Illuminate/Foundation/Http/Middleware/TransformsRequest->handle(Object(Illuminate/Http/Request), Object(Closure))
#52 D:/laragon/www/datnv2/DuAn_TN/vendor/laravel/framework/src/Illuminate/Pipeline/Pipeline.php(183): Illuminate/Foundation/Http/Middleware/ConvertEmptyStringsToNull->handle(Object(Illuminate/Http/Request), Object(Closure))
#53 D:/laragon/www/datnv2/DuAn_TN/vendor/laravel/framework/src/Illuminate/Foundation/Http/Middleware/TransformsRequest.php(21): Illuminate/Pipeline/Pipeline->Illuminate/Pipeline/{closure}(Object(Illuminate/Http/Request))
#54 D:/laragon/www/datnv2/DuAn_TN/vendor/laravel/framework/src/Illuminate/Foundation/Http/Middleware/TrimStrings.php(40): Illuminate/Foundation/Http/Middleware/TransformsRequest->handle(Object(Illuminate/Http/Request), Object(Closure))
#55 D:/laragon/www/datnv2/DuAn_TN/vendor/laravel/framework/src/Illuminate/Pipeline/Pipeline.php(183): Illuminate/Foundation/Http/Middleware/TrimStrings->handle(Object(Illuminate/Http/Request), Object(Closure))
#56 D:/laragon/www/datnv2/DuAn_TN/vendor/laravel/framework/src/Illuminate/Foundation/Http/Middleware/ValidatePostSize.php(27): Illuminate/Pipeline/Pipeline->Illuminate/Pipeline/{closure}(Object(Illuminate/Http/Request))
#57 D:/laragon/www/datnv2/DuAn_TN/vendor/laravel/framework/src/Illuminate/Pipeline/Pipeline.php(183): Illuminate/Foundation/Http/Middleware/ValidatePostSize->handle(Object(Illuminate/Http/Request), Object(Closure))
#58 D:/laragon/www/datnv2/DuAn_TN/vendor/laravel/framework/src/Illuminate/Foundation/Http/Middleware/PreventRequestsDuringMaintenance.php(99): Illuminate/Pipeline/Pipeline->Illuminate/Pipeline/{closure}(Object(Illuminate/Http/Request))
#59 D:/laragon/www/datnv2/DuAn_TN/vendor/laravel/framework/src/Illuminate/Pipeline/Pipeline.php(183): Illuminate/Foundation/Http/Middleware/PreventRequestsDuringMaintenance->handle(Object(Illuminate/Http/Request), Object(Closure))
#60 D:/laragon/www/datnv2/DuAn_TN/vendor/laravel/framework/src/Illuminate/Http/Middleware/HandleCors.php(49): Illuminate/Pipeline/Pipeline->Illuminate/Pipeline/{closure}(Object(Illuminate/Http/Request))
#61 D:/laragon/www/datnv2/DuAn_TN/vendor/laravel/framework/src/Illuminate/Pipeline/Pipeline.php(183): Illuminate/Http/Middleware/HandleCors->handle(Object(Illuminate/Http/Request), Object(Closure))
#62 D:/laragon/www/datnv2/DuAn_TN/vendor/laravel/framework/src/Illuminate/Http/Middleware/TrustProxies.php(39): Illuminate/Pipeline/Pipeline->Illuminate/Pipeline/{closure}(Object(Illuminate/Http/Request))
#63 D:/laragon/www/datnv2/DuAn_TN/vendor/laravel/framework/src/Illuminate/Pipeline/Pipeline.php(183): Illuminate/Http/Middleware/TrustProxies->handle(Object(Illuminate/Http/Request), Object(Closure))
#64 D:/laragon/www/datnv2/DuAn_TN/vendor/laravel/framework/src/Illuminate/Pipeline/Pipeline.php(119): Illuminate/Pipeline/Pipeline->Illuminate/Pipeline/{closure}(Object(Illuminate/Http/Request))
#65 D:/laragon/www/datnv2/DuAn_TN/vendor/laravel/framework/src/Illuminate/Foundation/Http/Kernel.php(175): Illuminate/Pipeline/Pipeline->then(Object(Closure))
#66 D:/laragon/www/datnv2/DuAn_TN/vendor/laravel/framework/src/Illuminate/Foundation/Http/Kernel.php(144): Illuminate/Foundation/Http/Kernel->sendRequestThroughRouter(Object(Illuminate/Http/Request))
#67 D:/laragon/www/datnv2/DuAn_TN/public/index.php(52): Illuminate/Foundation/Http/Kernel->handle(Object(Illuminate/Http/Request))
#68 D:/laragon/www/datnv2/DuAn_TN/vendor/laravel/framework/src/Illuminate/Foundation/resources/server.php(16): require_once('D://laragon//www//...')
#69 {main}
"} 
[2026-05-28 09:46:48] local.ERROR: Method App\Http\Controllers\Admin\LocationController::show does not exist. {"userId":1,"exception":"[object] (BadMethodCallException(code: 0): Method App\\Http\\Controllers\\Admin\\LocationController::show does not exist. at D:/laragon/www/datnv2/DuAn_TN/vendor/laravel/framework/src/Illuminate/Routing/Controller.php:68)
[stacktrace]
#0 D:/laragon/www/datnv2/DuAn_TN/vendor/laravel/framework/src/Illuminate/Routing/Controller.php(54): Illuminate/Routing/Controller->__call('show', Array)
#1 D:/laragon/www/datnv2/DuAn_TN/vendor/laravel/framework/src/Illuminate/Routing/ControllerDispatcher.php(43): Illuminate/Routing/Controller->callAction('show', Array)
#2 D:/laragon/www/datnv2/DuAn_TN/vendor/laravel/framework/src/Illuminate/Routing/Route.php(260): Illuminate/Routing/ControllerDispatcher->dispatch(Object(Illuminate/Routing/Route), Object(App/Http/Controllers/Admin/LocationController), 'show')
#3 D:/laragon/www/datnv2/DuAn_TN/vendor/laravel/framework/src/Illuminate/Routing/Route.php(205): Illuminate/Routing/Route->runController()
#4 D:/laragon/www/datnv2/DuAn_TN/vendor/laravel/framework/src/Illuminate/Routing/Router.php(806): Illuminate/Routing/Route->run()
#5 D:/laragon/www/datnv2/DuAn_TN/vendor/laravel/framework/src/Illuminate/Pipeline/Pipeline.php(144): Illuminate/Routing/Router->Illuminate/Routing/{closure}(Object(Illuminate/Http/Request))
#6 D:/laragon/www/datnv2/DuAn_TN/app/Http/Middleware/CheckRole.php(39): Illuminate/Pipeline/Pipeline->Illuminate/Pipeline/{closure}(Object(Illuminate/Http/Request))
#7 D:/laragon/www/datnv2/DuAn_TN/vendor/laravel/framework/src/Illuminate/Pipeline/Pipeline.php(183): App/Http/Middleware/CheckRole->handle(Object(Illuminate/Http/Request), Object(Closure), 'admin', 'moderator')
#8 D:/laragon/www/datnv2/DuAn_TN/vendor/laravel/framework/src/Illuminate/Routing/Middleware/SubstituteBindings.php(50): Illuminate/Pipeline/Pipeline->Illuminate/Pipeline/{closure}(Object(Illuminate/Http/Request))
#9 D:/laragon/www/datnv2/DuAn_TN/vendor/laravel/framework/src/Illuminate/Pipeline/Pipeline.php(183): Illuminate/Routing/Middleware/SubstituteBindings->handle(Object(Illuminate/Http/Request), Object(Closure))
#10 D:/laragon/www/datnv2/DuAn_TN/vendor/laravel/framework/src/Illuminate/Foundation/Http/Middleware/VerifyCsrfToken.php(78): Illuminate/Pipeline/Pipeline->Illuminate/Pipeline/{closure}(Object(Illuminate/Http/Request))
#11 D:/laragon/www/datnv2/DuAn_TN/vendor/laravel/framework/src/Illuminate/Pipeline/Pipeline.php(183): Illuminate/Foundation/Http/Middleware/VerifyCsrfToken->handle(Object(Illuminate/Http/Request), Object(Closure))
#12 D:/laragon/www/datnv2/DuAn_TN/vendor/laravel/framework/src/Illuminate/View/Middleware/ShareErrorsFromSession.php(49): Illuminate/Pipeline/Pipeline->Illuminate/Pipeline/{closure}(Object(Illuminate/Http/Request))
#13 D:/laragon/www/datnv2/DuAn_TN/vendor/laravel/framework/src/Illuminate/Pipeline/Pipeline.php(183): Illuminate/View/Middleware/ShareErrorsFromSession->handle(Object(Illuminate/Http/Request), Object(Closure))
#14 D:/laragon/www/datnv2/DuAn_TN/vendor/laravel/framework/src/Illuminate/Session/Middleware/StartSession.php(121): Illuminate/Pipeline/Pipeline->Illuminate/Pipeline/{closure}(Object(Illuminate/Http/Request))
#15 D:/laragon/www/datnv2/DuAn_TN/vendor/laravel/framework/src/Illuminate/Session/Middleware/StartSession.php(64): Illuminate/Session/Middleware/StartSession->handleStatefulRequest(Object(Illuminate/Http/Request), Object(Illuminate/Session/Store), Object(Closure))
#16 D:/laragon/www/datnv2/DuAn_TN/vendor/laravel/framework/src/Illuminate/Pipeline/Pipeline.php(183): Illuminate/Session/Middleware/StartSession->handle(Object(Illuminate/Http/Request), Object(Closure))
#17 D:/laragon/www/datnv2/DuAn_TN/vendor/laravel/framework/src/Illuminate/Cookie/Middleware/AddQueuedCookiesToResponse.php(37): Illuminate/Pipeline/Pipeline->Illuminate/Pipeline/{closure}(Object(Illuminate/Http/Request))
#18 D:/laragon/www/datnv2/DuAn_TN/vendor/laravel/framework/src/Illuminate/Pipeline/Pipeline.php(183): Illuminate/Cookie/Middleware/AddQueuedCookiesToResponse->handle(Object(Illuminate/Http/Request), Object(Closure))
#19 D:/laragon/www/datnv2/DuAn_TN/vendor/laravel/framework/src/Illuminate/Cookie/Middleware/EncryptCookies.php(67): Illuminate/Pipeline/Pipeline->Illuminate/Pipeline/{closure}(Object(Illuminate/Http/Request))
#20 D:/laragon/www/datnv2/DuAn_TN/vendor/laravel/framework/src/Illuminate/Pipeline/Pipeline.php(183): Illuminate/Cookie/Middleware/EncryptCookies->handle(Object(Illuminate/Http/Request), Object(Closure))
#21 D:/laragon/www/datnv2/DuAn_TN/vendor/laravel/framework/src/Illuminate/Pipeline/Pipeline.php(119): Illuminate/Pipeline/Pipeline->Illuminate/Pipeline/{closure}(Object(Illuminate/Http/Request))
#22 D:/laragon/www/datnv2/DuAn_TN/vendor/laravel/framework/src/Illuminate/Routing/Router.php(807): Illuminate/Pipeline/Pipeline->then(Object(Closure))
#23 D:/laragon/www/datnv2/DuAn_TN/vendor/laravel/framework/src/Illuminate/Routing/Router.php(784): Illuminate/Routing/Router->runRouteWithinStack(Object(Illuminate/Routing/Route), Object(Illuminate/Http/Request))
#24 D:/laragon/www/datnv2/DuAn_TN/vendor/laravel/framework/src/Illuminate/Routing/Router.php(748): Illuminate/Routing/Router->runRoute(Object(Illuminate/Http/Request), Object(Illuminate/Routing/Route))
#25 D:/laragon/www/datnv2/DuAn_TN/vendor/laravel/framework/src/Illuminate/Routing/Router.php(737): Illuminate/Routing/Router->dispatchToRoute(Object(Illuminate/Http/Request))
#26 D:/laragon/www/datnv2/DuAn_TN/vendor/laravel/framework/src/Illuminate/Foundation/Http/Kernel.php(200): Illuminate/Routing/Router->dispatch(Object(Illuminate/Http/Request))
#27 D:/laragon/www/datnv2/DuAn_TN/vendor/laravel/framework/src/Illuminate/Pipeline/Pipeline.php(144): Illuminate/Foundation/Http/Kernel->Illuminate/Foundation/Http/{closure}(Object(Illuminate/Http/Request))
#28 D:/laragon/www/datnv2/DuAn_TN/vendor/livewire/livewire/src/Features/SupportDisablingBackButtonCache/DisableBackButtonCacheMiddleware.php(19): Illuminate/Pipeline/Pipeline->Illuminate/Pipeline/{closure}(Object(Illuminate/Http/Request))
#29 D:/laragon/www/datnv2/DuAn_TN/vendor/laravel/framework/src/Illuminate/Pipeline/Pipeline.php(183): Livewire/Features/SupportDisablingBackButtonCache/DisableBackButtonCacheMiddleware->handle(Object(Illuminate/Http/Request), Object(Closure))
#30 D:/laragon/www/datnv2/DuAn_TN/vendor/laravel/framework/src/Illuminate/Foundation/Http/Middleware/TransformsRequest.php(21): Illuminate/Pipeline/Pipeline->Illuminate/Pipeline/{closure}(Object(Illuminate/Http/Request))
#31 D:/laragon/www/datnv2/DuAn_TN/vendor/laravel/framework/src/Illuminate/Foundation/Http/Middleware/ConvertEmptyStringsToNull.php(31): Illuminate/Foundation/Http/Middleware/TransformsRequest->handle(Object(Illuminate/Http/Request), Object(Closure))
#32 D:/laragon/www/datnv2/DuAn_TN/vendor/laravel/framework/src/Illuminate/Pipeline/Pipeline.php(183): Illuminate/Foundation/Http/Middleware/ConvertEmptyStringsToNull->handle(Object(Illuminate/Http/Request), Object(Closure))
#33 D:/laragon/www/datnv2/DuAn_TN/vendor/laravel/framework/src/Illuminate/Foundation/Http/Middleware/TransformsRequest.php(21): Illuminate/Pipeline/Pipeline->Illuminate/Pipeline/{closure}(Object(Illuminate/Http/Request))
#34 D:/laragon/www/datnv2/DuAn_TN/vendor/laravel/framework/src/Illuminate/Foundation/Http/Middleware/TrimStrings.php(40): Illuminate/Foundation/Http/Middleware/TransformsRequest->handle(Object(Illuminate/Http/Request), Object(Closure))
#35 D:/laragon/www/datnv2/DuAn_TN/vendor/laravel/framework/src/Illuminate/Pipeline/Pipeline.php(183): Illuminate/Foundation/Http/Middleware/TrimStrings->handle(Object(Illuminate/Http/Request), Object(Closure))
#36 D:/laragon/www/datnv2/DuAn_TN/vendor/laravel/framework/src/Illuminate/Foundation/Http/Middleware/ValidatePostSize.php(27): Illuminate/Pipeline/Pipeline->Illuminate/Pipeline/{closure}(Object(Illuminate/Http/Request))
#37 D:/laragon/www/datnv2/DuAn_TN/vendor/laravel/framework/src/Illuminate/Pipeline/Pipeline.php(183): Illuminate/Foundation/Http/Middleware/ValidatePostSize->handle(Object(Illuminate/Http/Request), Object(Closure))
#38 D:/laragon/www/datnv2/DuAn_TN/vendor/laravel/framework/src/Illuminate/Foundation/Http/Middleware/PreventRequestsDuringMaintenance.php(99): Illuminate/Pipeline/Pipeline->Illuminate/Pipeline/{closure}(Object(Illuminate/Http/Request))
#39 D:/laragon/www/datnv2/DuAn_TN/vendor/laravel/framework/src/Illuminate/Pipeline/Pipeline.php(183): Illuminate/Foundation/Http/Middleware/PreventRequestsDuringMaintenance->handle(Object(Illuminate/Http/Request), Object(Closure))
#40 D:/laragon/www/datnv2/DuAn_TN/vendor/laravel/framework/src/Illuminate/Http/Middleware/HandleCors.php(49): Illuminate/Pipeline/Pipeline->Illuminate/Pipeline/{closure}(Object(Illuminate/Http/Request))
#41 D:/laragon/www/datnv2/DuAn_TN/vendor/laravel/framework/src/Illuminate/Pipeline/Pipeline.php(183): Illuminate/Http/Middleware/HandleCors->handle(Object(Illuminate/Http/Request), Object(Closure))
#42 D:/laragon/www/datnv2/DuAn_TN/vendor/laravel/framework/src/Illuminate/Http/Middleware/TrustProxies.php(39): Illuminate/Pipeline/Pipeline->Illuminate/Pipeline/{closure}(Object(Illuminate/Http/Request))
#43 D:/laragon/www/datnv2/DuAn_TN/vendor/laravel/framework/src/Illuminate/Pipeline/Pipeline.php(183): Illuminate/Http/Middleware/TrustProxies->handle(Object(Illuminate/Http/Request), Object(Closure))
#44 D:/laragon/www/datnv2/DuAn_TN/vendor/laravel/framework/src/Illuminate/Pipeline/Pipeline.php(119): Illuminate/Pipeline/Pipeline->Illuminate/Pipeline/{closure}(Object(Illuminate/Http/Request))
#45 D:/laragon/www/datnv2/DuAn_TN/vendor/laravel/framework/src/Illuminate/Foundation/Http/Kernel.php(175): Illuminate/Pipeline/Pipeline->then(Object(Closure))
#46 D:/laragon/www/datnv2/DuAn_TN/vendor/laravel/framework/src/Illuminate/Foundation/Http/Kernel.php(144): Illuminate/Foundation/Http/Kernel->sendRequestThroughRouter(Object(Illuminate/Http/Request))
#47 D:/laragon/www/datnv2/DuAn_TN/public/index.php(52): Illuminate/Foundation/Http/Kernel->handle(Object(Illuminate/Http/Request))
#48 D:/laragon/www/datnv2/DuAn_TN/vendor/laravel/framework/src/Illuminate/Foundation/resources/server.php(16): require_once('D://laragon//www//...')
#49 {main}
"} 
[2026-05-28 09:48:03] local.ERROR: There are no commands defined in the "syntax" namespace. {"exception":"[object] (Symfony\\Component\\Console\\Exception\\NamespaceNotFoundException(code: 0): There are no commands defined in the \"syntax\" namespace. at D:/laragon/www/datnv2/DuAn_TN/vendor/symfony/console/Application.php:678)
[stacktrace]
#0 D:/laragon/www/datnv2/DuAn_TN/vendor/symfony/console/Application.php(729): Symfony/Component/Console/Application->findNamespace('syntax')
#1 D:/laragon/www/datnv2/DuAn_TN/vendor/symfony/console/Application.php(266): Symfony/Component/Console/Application->find('syntax:check')
#2 D:/laragon/www/datnv2/DuAn_TN/vendor/symfony/console/Application.php(175): Symfony/Component/Console/Application->doRun(Object(Symfony/Component/Console/Input/ArgvInput), Object(Symfony/Component/Console/Output/ConsoleOutput))
#3 D:/laragon/www/datnv2/DuAn_TN/vendor/laravel/framework/src/Illuminate/Foundation/Console/Kernel.php(201): Symfony/Component/Console/Application->run(Object(Symfony/Component/Console/Input/ArgvInput), Object(Symfony/Component/Console/Output/ConsoleOutput))
#4 D:/laragon/www/datnv2/DuAn_TN/artisan(37): Illuminate/Foundation/Console/Kernel->handle(Object(Symfony/Component/Console/Input/ArgvInput), Object(Symfony/Component/Console/Output/ConsoleOutput))
#5 {main}
"} 
